jID,pID,revCents,timeHours,bType
555a1cb3fee2a02f1d42e418,54c19c762e08b70233a3eff2,19500,1,HourlyRate
554ac22afee2a02f1d40b3fa,5435a20251a18de5415ed380,30000,0,FixedBid
55641649e3a5da083b2e9077,52741ee4ce77a705684ec99d,25000,0,FixedBid
554025468928e5212ed2c160,521ce092ce77a704a4d53fe9,55000,0,FixedBid
54ff39d0f97d87546f414d78,538e39fe245c7d0edc2d758e,16000,0,FixedBid
551aef209516c92415486bf0,50b1e713ce77a70e9429347f,70000,10,HourlyRate
555f7cdffc87d0e077f64d35,53ee5fb17366e0ec3c7362d9,165000,0,FixedBid
54f23ff52de2cbc012280142,53a3cf50245c7d270c1caa2b,325000,0,FixedBid
552650ec8928e5212ece8992,54c94a49c5f46ecd0f19914d,35000,0,FixedBid
552650ec8928e5212ece8992,522f508fce77a72144de25b4,82500,3,HourlyRate
552650ec8928e5212ece8992,53ee5fb17366e0ec3c7362d9,22500,1,HourlyRate
552650ec8928e5212ece8992,529e609ece77a70bf4dd612e,25000,1,HourlyRate
552650ec8928e5212ece8992,52557e5bce77a7040c61dc0c,20000,0,FixedBid
5526c69e0234f7e6568bc0ae,5435a20251a18de5415ed380,180000,0,FixedBid
5526c69e0234f7e6568bc0ae,52979cf1ce77a706f8819fd5,85000,0,FixedBid
5526c69e0234f7e6568bc0ae,52bb0ed3245c7d0ea84b7660,150000,0,FixedBid
5526c9648928e5212ece9e8d,52d45d31245c7d1d0841c1f9,323000,0,FixedBid
5526c9648928e5212ece9e8d,54c94a49c5f46ecd0f19914d,323000,0,FixedBid
551e45a8d6657ae7070f8ca8,52d45d31245c7d1d0841c1f9,188000,0,FixedBid
551e45a8d6657ae7070f8ca8,52d4c884245c7d21c0d84f1e,96500,0,FixedBid
551e45a8d6657ae7070f8ca8,54c94a49c5f46ecd0f19914d,81500,0,FixedBid
5526f6eb0234f7e6568bcf3c,513e3c68ce77a73630aa1595,40000,0,FixedBid
5526f6eb0234f7e6568bcf3c,5435a20251a18de5415ed380,75000,0,FixedBid
5526f6eb0234f7e6568bcf3c,533a4e4b245c7d03fcf1cf1a,16500,1,HourlyRate
5526d6960234f7e6568bc648,5435a20251a18de5415ed380,350000,10,HourlyRate
5526d6960234f7e6568bc648,547fcefb460e0793086e1339,1500075,66.67,HourlyRate
55491ac68f99862a083163c5,5273246cce77a70568136f22,9000,1,HourlyRate
555a26928f99862a0833ef94,5002f6fece77a70b1cb0a822,13750,0.5,HourlyRate
555a26928f99862a0833ef94,528d906bce77a70e24d8c308,100000,4,HourlyRate
555a26928f99862a0833ef94,5548f2888f99862a083150bb,28000,1,HourlyRate
555a26928f99862a0833ef94,552c4ee18928e5212ecf3b73,37000,2,HourlyRate
5564dc1dfc87d0e077f6d2ce,50f850d1ce77a706dc2c897f,25000,0,FixedBid
5564dc1dfc87d0e077f6d2ce,5567125fe3a5da083b2f4b45,325,0.01,HourlyRate
556a0214fc87d0e077f7dc35,531a0a63245c7d19a896d02a,50000,0,FixedBid
556cc523fc87d0e077f828e5,5543db00fee2a02f1d3fc2cd,31000,1,HourlyRate
54d57c592e08b70233a746ec,524e2427ce77a70d00a2f776,250000,0,FixedBid
54d57c592e08b70233a746ec,546a3b5b3e3e776908254e2f,337500,0,FixedBid
54d57c592e08b70233a746ec,54c69f8cc5f46ecd0f193490,585000,0,FixedBid
54de3f4d4540f72617528632,54c19c762e08b70233a3eff2,20000,1,HourlyRate
54ee5c342de2cbc012276866,532b46d2245c7d0a8029d254,75000,0,FixedBid
54ee5c342de2cbc012276866,5421d58accebe76b7bed5050,75000,0,FixedBid
54f4d0fe82367ff007e90f72,52bb0ed3245c7d0ea84b7660,120000,0,FixedBid
54f4d0fe82367ff007e90f72,54c19c762e08b70233a3eff2,100000,0,FixedBid
54f6377368f8262816bb470d,5435a20251a18de5415ed380,50000,0,FixedBid
54f6377368f8262816bb470d,5421d58accebe76b7bed5050,50000,0,FixedBid
54f6377368f8262816bb470d,510197e3ce77a71638879c1f,42500,0,FixedBid
551452d69516c92415477b01,522f508fce77a72144de25b4,64500,0,FixedBid
54cea5882e08b70233a55311,522f508fce77a72144de25b4,27500,1,HourlyRate
54cea5882e08b70233a55311,5418afa1ccebe76b7bec0a50,27500,1,HourlyRate
54cf1e85c5f46ecd0f1a37e3,54c19c762e08b70233a3eff2,19500,1,HourlyRate
54cf1e85c5f46ecd0f1a37e3,501abbf8ce77a70cacc290e5,22500,0,FixedBid
54cf1e85c5f46ecd0f1a37e3,5435a20251a18de5415ed380,392500,0,FixedBid
54ce91cd2e08b70233a55187,52586982ce77a70394652ed4,164000,4,HourlyRate
54d26ac42e08b70233a6c937,54c19c762e08b70233a3eff2,35000,1,HourlyRate
54d26ac42e08b70233a6c937,547fcefb460e0793086e1339,128500,4,HourlyRate
54d26ac42e08b70233a6c937,51afdafbce77a705985df8c5,240000,0,FixedBid
54d26ac42e08b70233a6c937,5435a20251a18de5415ed380,215000,0,FixedBid
54d38e8d2e08b70233a6f50a,517ee91bce77a717a4e5800f,25000,1,HourlyRate
54d2be81c5f46ecd0f1baacf,50eb32c6ce77a72c7424cbad,150000,0,FixedBid
54d2be81c5f46ecd0f1baacf,5273246cce77a70568136f22,9000,1,HourlyRate
54d2be81c5f46ecd0f1baacf,5435a20251a18de5415ed380,180000,0,FixedBid
54d2be81c5f46ecd0f1baacf,53648db8245c7d2708e3c5d6,680000,0,FixedBid
54d53b472e08b70233a73ca6,5435a20251a18de5415ed380,50000,0,FixedBid
54d53b472e08b70233a73ca6,54c19c762e08b70233a3eff2,19500,0,FixedBid
54dbe1aa4540f72617521756,538e39fe245c7d0edc2d758e,45000,0,FixedBid
54dbe1aa4540f72617521756,5273246cce77a70568136f22,9000,1,HourlyRate
54dbe1aa4540f72617521756,54c19c762e08b70233a3eff2,50000,0,FixedBid
54dbe1aa4540f72617521756,5435a20251a18de5415ed380,75000,0,FixedBid
54dc16154540f72617522e7b,5435a20251a18de5415ed380,80000,0,FixedBid
54dc16154540f72617522e7b,52a2435fce77a70ca8b23880,200000,0,FixedBid
54dc16154540f72617522e7b,54b95ad7c5f46ecd0f17fd20,50000,0,FixedBid
54dc16154540f72617522e7b,513e3c68ce77a73630aa1595,20000,0,FixedBid
54dc16154540f72617522e7b,53ee5fb17366e0ec3c7362d9,40000,0,FixedBid
54dc16154540f72617522e7b,54c81b0bc5f46ecd0f196b97,80000,0,FixedBid
54e8f1a5b54b72b02f01217a,517ee91bce77a717a4e5800f,125000,5,HourlyRate
54e8f1a5b54b72b02f01217a,521ce092ce77a704a4d53fe9,20000,1,HourlyRate
54f66613018439c66807d546,4fea4394ce77a70b3cbad036,64500,0,FixedBid
54f66613018439c66807d546,522f508fce77a72144de25b4,64500,0,FixedBid
54ecc1622de2cbc01226ee02,53053fa7245c7d284068d46b,35000,1,HourlyRate
54ecc1622de2cbc01226ee02,533a4e4b245c7d03fcf1cf1a,16500,0,FixedBid
54ecc1622de2cbc01226ee02,50b84f39ce77a70a6cbfb764,22500,1,HourlyRate
54f66613018439c66807d546,52557e5bce77a7040c61dc0c,64500,0,FixedBid
54dbb51a4540f7261752055b,54daa5742e08b70233a7ccef,450000,30,HourlyRate
54dbb51a4540f7261752055b,54cc6420c5f46ecd0f1a1451,100,0,FixedBid
54dbb51a4540f7261752055b,54c81b0bc5f46ecd0f196b97,100,0,FixedBid
54dbb51a4540f7261752055b,54d9b2b12e08b70233a79b65,60000,0,FixedBid
54dbb51a4540f7261752055b,54ecbf0e2de2cbc01226ed64,35000,0,FixedBid
54dbb51a4540f7261752055b,54eccbc3b54b72b02f018b15,112500,5,HourlyRate
54dbb51a4540f7261752055b,54ef9f712de2cbc01227ad89,70000,3.5,HourlyRate
54dbb51a4540f7261752055b,54f0fc0e2de2cbc01227e97d,235000,0,FixedBid
54dbb51a4540f7261752055b,54de24d24540f72617527db0,32500,5,HourlyRate
54dbb51a4540f7261752055b,546a3b5b3e3e776908254e2f,100000,0,FixedBid
54dbb51a4540f7261752055b,548f75803e3e776908275fbe,150000,0,FixedBid
54f1b31f2de2cbc01227f745,53c9e7f043ccad834e48273d,45000,3,HourlyRate
54f1b31f2de2cbc01227f745,5435a20251a18de5415ed380,147500,5,HourlyRate
54f1b31f2de2cbc01227f745,52bb0ed3245c7d0ea84b7660,100000,5,HourlyRate
54f1b31f2de2cbc01227f745,537bac51245c7d120c478c37,75000,3,HourlyRate
54f1b31f2de2cbc01227f745,52d551a2245c7d21c0d85417,55000,0,FixedBid
54f490922de2cbc012282be9,5435a20251a18de5415ed380,40000,0,FixedBid
54f490922de2cbc012282be9,54c19c762e08b70233a3eff2,39500,0,FixedBid
54f490922de2cbc012282be9,52557e5bce77a7040c61dc0c,28500,1,HourlyRate
54f490922de2cbc012282be9,537b92d8245c7d120c478bb8,30000,1,HourlyRate
54f490922de2cbc012282be9,54c947d0c5f46ecd0f1990a0,70000,2,HourlyRate
54f490922de2cbc012282be9,53c9e7f043ccad834e48273d,30000,0,FixedBid
54f4f2f868f8262816bafa14,54c94a49c5f46ecd0f19914d,56000,0,FixedBid
54f4f2f868f8262816bafa14,52d45d31245c7d1d0841c1f9,188000,0,FixedBid
54f0fae42de2cbc01227e8fb,524da6f7ce77a706949fbe78,376000,0,FixedBid
54f0fae42de2cbc01227e8fb,54d9b2b12e08b70233a79b65,150000,0,FixedBid
54f5f2b268f8262816bb2478,52d45d31245c7d1d0841c1f9,430000,0,FixedBid
54f5f2b268f8262816bb2478,54c94a49c5f46ecd0f19914d,54000,0,FixedBid
54f5f36068f8262816bb2502,524da6f7ce77a706949fbe78,30000,0,FixedBid
54f5f36068f8262816bb2502,546a3b5b3e3e776908254e2f,482500,0,FixedBid
54f5f36068f8262816bb2502,54d9b2b12e08b70233a79b65,600000,40,HourlyRate
54d94ce250dfb5e80702b775,53c9e7f043ccad834e48273d,12500,1,HourlyRate
54f6dad1018439c66807e7c6,522f508fce77a72144de25b4,92500,0,FixedBid
54f6dad1018439c66807e7c6,4fea17bcce77a70118855651,39500,0,FixedBid
54f6dad1018439c66807e7c6,51ca3c0dce77a71df8c871d9,115000,0,FixedBid
54f6dad1018439c66807e7c6,51fbf490ce77a7112c64aa0b,25000,0,FixedBid
54ea58492de2cbc012269c66,52783509ce77a708182b6c90,29500,1,HourlyRate
54ea58492de2cbc012269c66,537bac51245c7d120c478c37,93750,3.75,HourlyRate
54ea58492de2cbc012269c66,547fcefb460e0793086e1339,50000,0,FixedBid
54f84d47f97d87546f405af7,54d9b2b12e08b70233a79b65,75000,5,HourlyRate
54ea58492de2cbc012269c66,52979cf1ce77a706f8819fd5,70000,0,FixedBid
54ea58492de2cbc012269c66,553c65a08928e5212ed21ba4,50000,0,FixedBid
54f84d47f97d87546f405af7,4fc629a0ce77a70bf4bc87c3,125000,0,FixedBid
54f84d47f97d87546f405af7,5421d58accebe76b7bed5050,33000,1,HourlyRate
54f84d47f97d87546f405af7,5435a20251a18de5415ed380,142500,5,HourlyRate
54f84d47f97d87546f405af7,52ce17af245c7d1f4c2c93d8,25000,1,HourlyRate
54f64b2b018439c66807cd84,510197e3ce77a71638879c1f,350000,0,FixedBid
54f64b2b018439c66807cd84,5435a20251a18de5415ed380,270000,9,HourlyRate
54fd45640bb19ae920a83239,54c19c762e08b70233a3eff2,18500,1,HourlyRate
54fd45640bb19ae920a83239,5435a20251a18de5415ed380,85500,3,HourlyRate
54fd45640bb19ae920a83239,54c2bae32e08b70233a40aff,40000,2,HourlyRate
54fdc916f97d87546f410b54,53ec0ea343ccad834e4beaef,175000,5,HourlyRate
54fdc916f97d87546f410b54,532b46d2245c7d0a8029d254,20000,1,HourlyRate
54fdc916f97d87546f410b54,54b95ad7c5f46ecd0f17fd20,1500000,0,FixedBid
54fdc916f97d87546f410b54,522f508fce77a72144de25b4,25000,1,HourlyRate
54fe512c0bb19ae920a8619d,50f59f67ce77a70700561c1a,30000,1,HourlyRate
54fe512c0bb19ae920a8619d,54c19c762e08b70233a3eff2,19500,1,HourlyRate
54fe512c0bb19ae920a8619d,53ec0ea343ccad834e4beaef,30000,1,HourlyRate
54fe512c0bb19ae920a8619d,521ce092ce77a704a4d53fe9,15000,1,HourlyRate
54fe512c0bb19ae920a8619d,53857919245c7d25f4347ef0,20000,1,HourlyRate
54fe512c0bb19ae920a8619d,53648db8245c7d2708e3c5d6,26500,1,HourlyRate
54fe512c0bb19ae920a8619d,53ee5fb17366e0ec3c7362d9,27500,0,FixedBid
54fe512c0bb19ae920a8619d,51fbf490ce77a7112c64aa0b,100000,0,FixedBid
54fe512c0bb19ae920a8619d,510197e3ce77a71638879c1f,69500,0,FixedBid
54fef0810bb19ae920a86dea,54c94a49c5f46ecd0f19914d,425000,0,FixedBid
54fef0810bb19ae920a86dea,52d45d31245c7d1d0841c1f9,350000,0,FixedBid
54fef0810bb19ae920a86dea,52260498ce77a71e58f8112e,95000,0,FixedBid
54fef0810bb19ae920a86dea,52d4c884245c7d21c0d84f1e,400000,0,FixedBid
54e392af4540f7261752ee10,50c0202bce77a711d840ba32,60000,0,FixedBid
54ff8020f97d87546f416320,53ee5fb17366e0ec3c7362d9,25000,1,HourlyRate
54ff8020f97d87546f416320,54c19c762e08b70233a3eff2,19500,1,HourlyRate
54ff8020f97d87546f416320,5435a20251a18de5415ed380,500000,0,FixedBid
54ff8020f97d87546f416320,50d296b9ce77a722047d65bc,260000,0,FixedBid
54ff8020f97d87546f416320,548f75803e3e776908275fbe,100,0,FixedBid
55021dda0bb19ae920a919b5,524dd3c9ce77a706949fc248,120000,3,HourlyRate
550200a9f97d87546f41e255,529e609ece77a70bf4dd612e,80000,0,FixedBid
55021dda0bb19ae920a919b5,54f0fc0e2de2cbc01227e97d,125000,0,FixedBid
55021dda0bb19ae920a919b5,521ce092ce77a704a4d53fe9,55000,0,FixedBid
55071a3cf97d87546f4264dc,548f75803e3e776908275fbe,115000,0,FixedBid
5504f89e0bb19ae920a962ef,54c19c762e08b70233a3eff2,19500,1,HourlyRate
55071a3cf97d87546f4264dc,5435a20251a18de5415ed380,170000,0,FixedBid
5504f89e0bb19ae920a962ef,536a5bd0245c7d219ca8a1df,75000,6,HourlyRate
55071a3cf97d87546f4264dc,52783509ce77a708182b6c90,27500,1,HourlyRate
55071a3cf97d87546f4264dc,52979cf1ce77a706f8819fd5,50000,0,FixedBid
55071a3cf97d87546f4264dc,5512b3b8e14573073a62d64d,125000,5,HourlyRate
55095d62f97d87546f42cce4,5002f6fece77a70b1cb0a822,27500,1,HourlyRate
55095d62f97d87546f42cce4,5435a20251a18de5415ed380,57000,2,HourlyRate
55095d62f97d87546f42cce4,54f5986368f8262816bb10d3,125000,5,HourlyRate
55095d62f97d87546f42cce4,52beaf7d245c7d1ae0301aaf,22500,1,HourlyRate
55095d62f97d87546f42cce4,5418afa1ccebe76b7bec0a50,29500,1,HourlyRate
55095d62f97d87546f42cce4,50eb32c6ce77a72c7424cbad,32500,1,HourlyRate
55095d62f97d87546f42cce4,4f9b16b7ce77a708241bc0f4,167000,5,HourlyRate
55095d62f97d87546f42cce4,521ce092ce77a704a4d53fe9,17500,1,HourlyRate
55095d62f97d87546f42cce4,53ee5fb17366e0ec3c7362d9,25000,1,HourlyRate
55095d62f97d87546f42cce4,510197e3ce77a71638879c1f,19500,1,HourlyRate
55095d62f97d87546f42cce4,53648db8245c7d2708e3c5d6,250000,0,FixedBid
55095d62f97d87546f42cce4,54c81b0bc5f46ecd0f196b97,30000,1,HourlyRate
55095d62f97d87546f42cce4,4ffa408cce77a709c89e6bc2,35000,1,HourlyRate
55095d62f97d87546f42cce4,53196cb7245c7d19a896cb67,38500,1,HourlyRate
55095d62f97d87546f42cce4,4fe8af66ce77a701188553f5,250000,10,HourlyRate
5509b26f0bb19ae920aa078e,53ec0ea343ccad834e4beaef,69900,0,FixedBid
5509b26f0bb19ae920aa078e,536a5bd0245c7d219ca8a1df,55000,0,FixedBid
5509b26f0bb19ae920aa078e,524dd3c9ce77a706949fc248,70000,0,FixedBid
5509b26f0bb19ae920aa078e,54f36e602de2cbc012280fa1,65000,2,HourlyRate
5509b26f0bb19ae920aa078e,52d551a2245c7d21c0d85417,75000,0,FixedBid
5509b26f0bb19ae920aa078e,5435a20251a18de5415ed380,80000,0,FixedBid
5509b26f0bb19ae920aa078e,5418afa1ccebe76b7bec0a50,29500,1,HourlyRate
54ff76faf97d87546f416070,54d9b2b12e08b70233a79b65,525000,35,HourlyRate
54ff76faf97d87546f416070,52586982ce77a70394652ed4,255000,0,FixedBid
550b10d3f97d87546f431b64,54c19c762e08b70233a3eff2,57500,0,FixedBid
550b10d3f97d87546f431b64,5435a20251a18de5415ed380,57000,2,HourlyRate
550b10d3f97d87546f431b64,52c9d0f1245c7d1124b63a15,120000,0,FixedBid
550b10d3f97d87546f431b64,524dd3c9ce77a706949fc248,200000,5,HourlyRate
550c3c70149467271fddd6f4,5435a20251a18de5415ed380,150000,0,FixedBid
550c7d890b5713935b6acc96,4fea4394ce77a70b3cbad036,112500,5,HourlyRate
550dbe4be14573073a622915,54c19c762e08b70233a3eff2,27500,0,FixedBid
5510e552e14573073a62894e,53ec0ea343ccad834e4beaef,49900,0,FixedBid
5510e552e14573073a62894e,521ce092ce77a704a4d53fe9,57500,0,FixedBid
5510e552e14573073a62894e,510197e3ce77a71638879c1f,18500,1,HourlyRate
5510e552e14573073a62894e,51ca3c0dce77a71df8c871d9,86000,0,FixedBid
5510e552e14573073a62894e,522f508fce77a72144de25b4,27500,1,HourlyRate
5510e552e14573073a62894e,552c4ee18928e5212ecf3b73,150000,10,HourlyRate
5510d1680b5713935b6b4435,5435a20251a18de5415ed380,150000,0,FixedBid
5510d1680b5713935b6b4435,52beaf7d245c7d1ae0301aaf,92500,0,FixedBid
5510d1680b5713935b6b4435,51ca3c0dce77a71df8c871d9,110000,0,FixedBid
5510d1680b5713935b6b4435,50c0202bce77a711d840ba32,170000,0,FixedBid
5510d1680b5713935b6b4435,53fd4d843c5e9fb1570015d1,110000,0,FixedBid
550eef6c0b5713935b6af681,4fe8af66ce77a701188553f5,200000,10,HourlyRate
550eef6c0b5713935b6af681,51afdafbce77a705985df8c5,237500,0,FixedBid
550eef6c0b5713935b6af681,5303f76f245c7d1e8833368c,930000,25,HourlyRate
551024c7e14573073a625534,52741ee4ce77a705684ec99d,283000,0,FixedBid
551024c7e14573073a625534,529e1306ce77a70bf4dd594e,248250,9,HourlyRate
551024c7e14573073a625534,529a36e1ce77a70f080fbbdb,163000,0,FixedBid
550306280bb19ae920a92eb0,52beaf7d245c7d1ae0301aaf,375000,15,HourlyRate
551452d69516c92415477b01,4fea4394ce77a70b3cbad036,64500,0,FixedBid
551452d69516c92415477b01,52557e5bce77a7040c61dc0c,64500,0,FixedBid
55131ad60b5713935b6bae92,4fe9d6cdce77a701188555e4,341000,0,FixedBid
55131ad60b5713935b6bae92,5326eefb245c7d067062ead0,350000,0,FixedBid
55131ad60b5713935b6bae92,546a3b5b3e3e776908254e2f,400000,0,FixedBid
551b07abd6657ae7070ec8bd,52557e5bce77a7040c61dc0c,28500,1,HourlyRate
551b07abd6657ae7070ec8bd,4fea4394ce77a70b3cbad036,56250,225,HourlyRate
551a099cd6657ae7070e8e46,52d45d31245c7d1d0841c1f9,430000,0,FixedBid
551a099cd6657ae7070e8e46,54c94a49c5f46ecd0f19914d,458000,0,FixedBid
551a099cd6657ae7070e8e46,54e3c97e4540f7261752fb29,573000,0,FixedBid
551a099cd6657ae7070e8e46,52d4c884245c7d21c0d84f1e,450000,0,FixedBid
551d72899516c9241549077f,524da6f7ce77a706949fbe78,267500,0,FixedBid
551d72899516c9241549077f,5326eefb245c7d067062ead0,327500,0,FixedBid
55219508d6657ae7070fd5f6,54b13b04c5f46ecd0f173e49,107500,3,HourlyRate
55219508d6657ae7070fd5f6,548f75803e3e776908275fbe,10000,0,FixedBid
55219508d6657ae7070fd5f6,51afdafbce77a705985df8c5,237500,0,FixedBid
55230fac9516c9241549c9fa,54c19c762e08b70233a3eff2,99500,0,FixedBid
55230fac9516c9241549c9fa,53ee5fb17366e0ec3c7362d9,105000,0,FixedBid
55230fac9516c9241549c9fa,50f59f67ce77a70700561c1a,150000,0,FixedBid
55230fac9516c9241549c9fa,53fd4d843c5e9fb1570015d1,150000,0,FixedBid
55230fac9516c9241549c9fa,53ec0ea343ccad834e4beaef,59900,0,FixedBid
55230fac9516c9241549c9fa,50d296b9ce77a722047d65bc,150000,0,FixedBid
55230fac9516c9241549c9fa,50c0202bce77a711d840ba32,100000,0,FixedBid
55230fac9516c9241549c9fa,51fbf490ce77a7112c64aa0b,200000,0,FixedBid
551cb750d6657ae7070f3a4e,54c19c762e08b70233a3eff2,22500,0,FixedBid
551cb750d6657ae7070f3a4e,5435a20251a18de5415ed380,30000,0,FixedBid
555509498f99862a0833684c,52d45d31245c7d1d0841c1f9,175000,0,FixedBid
554031168928e5212ed2c5a5,4fea4394ce77a70b3cbad036,64500,0,FixedBid
54dce8801f52c78b54827cbc,521ce092ce77a704a4d53fe9,40000,2,HourlyRate
5500d1d5f97d87546f41aa22,54d9b2b12e08b70233a79b65,455000,0,FixedBid
54dbe7cb1f52c78b548250f4,52f9548e245c7d296cfe6f02,350000,0,FixedBid
54d90b4550dfb5e80702a8ee,52f9548e245c7d296cfe6f02,350000,0,FixedBid
5515981cd6657ae7070e0cb4,546a3b5b3e3e776908254e2f,450000,0,FixedBid
54cfc46a2e08b70233a564da,524e2427ce77a70d00a2f776,350000,0,FixedBid
54de48381f52c78b5482c095,52979cf1ce77a706f8819fd5,50000,0,FixedBid
54e3ef024540f72617530850,546a3b5b3e3e776908254e2f,450000,0,FixedBid
54ec9344b54b72b02f017acf,52d45d31245c7d1d0841c1f9,175000,0,FixedBid
54ec9344b54b72b02f017acf,52260498ce77a71e58f8112e,175000,0,FixedBid
54ef51b2b54b72b02f022c68,5002f6fece77a70b1cb0a822,27500,1,HourlyRate
54eda51db54b72b02f01d1be,52d45d31245c7d1d0841c1f9,268000,0,FixedBid
54eda51db54b72b02f01d1be,52d4c884245c7d21c0d84f1e,100000,0,FixedBid
54eda51db54b72b02f01d1be,53ec0ea343ccad834e4beaef,54000,0,FixedBid
54ee3827b54b72b02f01f3e9,54d9b2b12e08b70233a79b65,405000,0,FixedBid
55020ee3f97d87546f41e5a3,52d45d31245c7d1d0841c1f9,175000,0,FixedBid
55020ee3f97d87546f41e5a3,52260498ce77a71e58f8112e,175000,0,FixedBid
55139d15b8d1be394982ebd8,536a5bd0245c7d219ca8a1df,43750,3.5,HourlyRate
550369e10bb19ae920a94654,538e39fe245c7d0edc2d758e,9000,0,FixedBid
550369e10bb19ae920a94654,53ee5fb17366e0ec3c7362d9,27500,0,FixedBid
55073d7df97d87546f426e6e,52d45d31245c7d1d0841c1f9,190000,0,FixedBid
550a10070bb19ae920aa2417,5435a20251a18de5415ed380,175000,0,FixedBid
550b28a00bb19ae920aa4b38,54c19c762e08b70233a3eff2,32500,0,FixedBid
550ca7970b5713935b6ad4e0,52d45d31245c7d1d0841c1f9,80000,0,FixedBid
550dc024e14573073a622949,54c19c762e08b70233a3eff2,19500,1,HourlyRate
55283fc38928e5212ecedaae,528e4cfcce77a70a90a1678b,77500,0,FixedBid
552aff680234f7e6568c2c85,546a3b5b3e3e776908254e2f,25000,0,FixedBid
553955b00234f7e6568ee083,51ca3c0dce77a71df8c871d9,77000,0,FixedBid
5537d6a30234f7e6568e8df8,54c94a49c5f46ecd0f19914d,107500,0,FixedBid
551aef209516c92415486bf0,53ec0ea343ccad834e4beaef,30000,1,HourlyRate
551aef209516c92415486bf0,517ee91bce77a717a4e5800f,100000,4,HourlyRate
551aef209516c92415486bf0,552c4ee18928e5212ecf3b73,200000,10,HourlyRate
551aef209516c92415486bf0,53ee5fb17366e0ec3c7362d9,90000,4,HourlyRate
554031168928e5212ed2c5a5,522f508fce77a72144de25b4,64500,0,FixedBid
554031168928e5212ed2c5a5,52557e5bce77a7040c61dc0c,64500,0,FixedBid
552ad62d8928e5212ecf0193,52d45d31245c7d1d0841c1f9,188000,0,FixedBid
552ad62d8928e5212ecf0193,54c94a49c5f46ecd0f19914d,39500,0,FixedBid
552ad62d8928e5212ecf0193,53c60b6a43ccad834e47d9c2,144000,4,HourlyRate
55355e6a8928e5212ed0d034,52783509ce77a708182b6c90,25000,1,HourlyRate
55355e6a8928e5212ed0d034,53ec0ea343ccad834e4beaef,300000,0,FixedBid
553918668928e5212ed19c98,552c93b68928e5212ecf4753,95500,0,FixedBid
55535ecc8f99862a0832fe97,52d45d31245c7d1d0841c1f9,57500,0,FixedBid
55535ecc8f99862a0832fe97,5501eb56f97d87546f41dd48,30000,0,FixedBid
55535ecc8f99862a0832fe97,54c94a49c5f46ecd0f19914d,52500,0,FixedBid
55535ecc8f99862a0832fe97,5435a20251a18de5415ed380,65000,0,FixedBid
55535ecc8f99862a0832fe97,555138598f99862a083293b3,77500,2,HourlyRate
55535ecc8f99862a0832fe97,52557e5bce77a7040c61dc0c,28500,1,HourlyRate
55535ecc8f99862a0832fe97,52084e43ce77a70914bc8d10,65000,2,HourlyRate
555e3315fc87d0e077f60bc2,54c19c762e08b70233a3eff2,19500,1,HourlyRate
55677a2de3a5da083b2f74bb,5435a20251a18de5415ed380,85500,3,HourlyRate
55677a2de3a5da083b2f74bb,547fcefb460e0793086e1339,75000,3,HourlyRate
5567bb80e3a5da083b2f844c,52d45d31245c7d1d0841c1f9,181500,0,FixedBid
54ed134db54b72b02f01b242,54c19c762e08b70233a3eff2,19500,1,HourlyRate
54ed134db54b72b02f01b242,5435a20251a18de5415ed380,300000,0,FixedBid
54ed134db54b72b02f01b242,52979cf1ce77a706f8819fd5,115000,0,FixedBid
54ed134db54b72b02f01b242,537bac51245c7d120c478c37,145000,0,FixedBid
5525644fd6657ae707106f94,521ce092ce77a704a4d53fe9,55000,0,FixedBid
5525644fd6657ae707106f94,51fbf490ce77a7112c64aa0b,93500,0,FixedBid
5525644fd6657ae707106f94,51ca3c0dce77a71df8c871d9,79000,0,FixedBid
5525644fd6657ae707106f94,53ee5fb17366e0ec3c7362d9,105000,0,FixedBid
5525644fd6657ae707106f94,50f59f67ce77a70700561c1a,125000,0,FixedBid
5525644fd6657ae707106f94,551990739516c92415481ad6,84000,0,FixedBid
551f0fe89516c92415496298,5435a20251a18de5415ed380,350000,0,FixedBid
551f0fe89516c92415496298,50c0202bce77a711d840ba32,150000,0,FixedBid
551f0fe89516c92415496298,552c4ee18928e5212ecf3b73,150000,10,HourlyRate
551f0fe89516c92415496298,522f508fce77a72144de25b4,333900,0,FixedBid
552cd2980234f7e6568c7367,524da6f7ce77a706949fbe78,270000,0,FixedBid
552cd2980234f7e6568c7367,5326eefb245c7d067062ead0,170000,0,FixedBid
552cd2980234f7e6568c7367,536bf168245c7d255cd05619,200000,0,FixedBid
552cd2980234f7e6568c7367,546a3b5b3e3e776908254e2f,250000,0,FixedBid
55244c029516c9241549fd2d,50d296b9ce77a722047d65bc,750000,30,HourlyRate
55244c029516c9241549fd2d,4f788321ce77a708281854bc,525000,15,HourlyRate
552d62f60234f7e6568c8d7b,52d551a2245c7d21c0d85417,70000,0,FixedBid
552d62f60234f7e6568c8d7b,5435a20251a18de5415ed380,85500,3,HourlyRate
552d62f60234f7e6568c8d7b,54f36e602de2cbc012280fa1,100000,0,FixedBid
551b0030d6657ae7070ec36b,54f5986368f8262816bb10d3,125000,5,HourlyRate
551b0030d6657ae7070ec36b,522f508fce77a72144de25b4,27500,1,HourlyRate
551b0030d6657ae7070ec36b,552c4ee18928e5212ecf3b73,150000,10,HourlyRate
552edddf8928e5212ecfc4a5,533a4e4b245c7d03fcf1cf1a,16500,1,HourlyRate
552f4df98928e5212ecfe545,54c94a49c5f46ecd0f19914d,375000,0,FixedBid
552f4df98928e5212ecfe545,52260498ce77a71e58f8112e,140000,0,FixedBid
552f4df98928e5212ecfe545,52d45d31245c7d1d0841c1f9,423000,0,FixedBid
552f4df98928e5212ecfe545,54e3c97e4540f7261752fb29,573000,0,FixedBid
552f4df98928e5212ecfe545,53c60b6a43ccad834e47d9c2,252000,7,HourlyRate
553001598928e5212ed00523,552c4ee18928e5212ecf3b73,555000,30,HourlyRate
552ff8468928e5212ed0018f,54c94a49c5f46ecd0f19914d,142500,0,FixedBid
553001598928e5212ed00523,5002f6fece77a70b1cb0a822,27500,1,HourlyRate
553001598928e5212ed00523,512579eece77a720e0b5bf76,17500,1,HourlyRate
553001598928e5212ed00523,502abb54ce77a70a10400dfe,40000,2,HourlyRate
553001598928e5212ed00523,53ee5fb17366e0ec3c7362d9,112500,5,HourlyRate
553021ab8928e5212ed00ffc,54c19c762e08b70233a3eff2,22500,1,HourlyRate
553021ab8928e5212ed00ffc,54f60a9a68f8262816bb2e75,25000,1,HourlyRate
553021ab8928e5212ed00ffc,512e72d0ce77a72d6cfec0f9,28500,1,HourlyRate
553021ab8928e5212ed00ffc,53ec0ea343ccad834e4beaef,79900,0,FixedBid
553021ab8928e5212ed00ffc,5435a20251a18de5415ed380,300000,10,HourlyRate
553021ab8928e5212ed00ffc,53ee5fb17366e0ec3c7362d9,22500,1,HourlyRate
553190ca0234f7e6568d879b,4fea4394ce77a70b3cbad036,65000,0,FixedBid
553190ca0234f7e6568d879b,551325340b5713935b6bb1cd,87500,0,FixedBid
5534426f0234f7e6568dc571,54c94a49c5f46ecd0f19914d,78000,0,FixedBid
5534426f0234f7e6568dc571,53c60b6a43ccad834e47d9c2,743000,0,FixedBid
5534426f0234f7e6568dc571,54fe5860f97d87546f413064,723000,0,FixedBid
5534426f0234f7e6568dc571,54ff57b60bb19ae920a8892b,680000,0,FixedBid
5534426f0234f7e6568dc571,52d45d31245c7d1d0841c1f9,423000,0,FixedBid
55341b038928e5212ed090c0,5501eb56f97d87546f41dd48,150000,6,HourlyRate
55341b038928e5212ed090c0,55106f78e14573073a626bac,17000,0,FixedBid
55329a720234f7e6568d9f3c,54f36e602de2cbc012280fa1,50000,0,FixedBid
55329a720234f7e6568d9f3c,52979cf1ce77a706f8819fd5,47500,0,FixedBid
55329a720234f7e6568d9f3c,54f5986368f8262816bb10d3,75000,3,HourlyRate
55329a720234f7e6568d9f3c,54d1aac62e08b70233a6b01b,150000,5,HourlyRate
55329a720234f7e6568d9f3c,537b92d8245c7d120c478bb8,120000,0,FixedBid
55329a720234f7e6568d9f3c,5435a20251a18de5415ed380,75000,0,FixedBid
55329a720234f7e6568d9f3c,52d551a2245c7d21c0d85417,65000,2.6,HourlyRate
556716d3fc87d0e077f763ae,5538189f8928e5212ed17558,100000,4,HourlyRate
55331f810234f7e6568da970,5435a20251a18de5415ed380,114000,4,HourlyRate
55331f810234f7e6568da970,50d296b9ce77a722047d65bc,150000,0,FixedBid
55331f810234f7e6568da970,53fd4d843c5e9fb1570015d1,335000,0,FixedBid
55331f810234f7e6568da970,53ee5fb17366e0ec3c7362d9,22500,1,HourlyRate
55331f810234f7e6568da970,54c19c762e08b70233a3eff2,84500,0,FixedBid
5535c99a8928e5212ed0e70d,51fc1a4cce77a7112cc01903,5000,0,FixedBid
5535481b0234f7e6568df1f4,4fea17bcce77a70118855651,62500,0,FixedBid
5535481b0234f7e6568df1f4,53ee5fb17366e0ec3c7362d9,155000,0,FixedBid
5535481b0234f7e6568df1f4,53ec0ea343ccad834e4beaef,70000,2.5,HourlyRate
5535481b0234f7e6568df1f4,517ee91bce77a717a4e5800f,125000,0,FixedBid
5535481b0234f7e6568df1f4,510197e3ce77a71638879c1f,51500,0,FixedBid
55368c060234f7e6568e36ca,52d45d31245c7d1d0841c1f9,723000,0,FixedBid
55368c060234f7e6568e36ca,54ff57b60bb19ae920a8892b,680000,0,FixedBid
55368c060234f7e6568e36ca,54c94a49c5f46ecd0f19914d,600000,0,FixedBid
55368c060234f7e6568e36ca,53c60b6a43ccad834e47d9c2,793000,0,FixedBid
55368c060234f7e6568e36ca,54e3c97e4540f7261752fb29,673000,0,FixedBid
55368c060234f7e6568e36ca,52d4c884245c7d21c0d84f1e,703000,0,FixedBid
55369e9b8928e5212ed10ff2,54f36e602de2cbc012280fa1,90000,0,FixedBid
55369e9b8928e5212ed10ff2,552c93b68928e5212ecf4753,50000,0,FixedBid
55369e9b8928e5212ed10ff2,53ec0ea343ccad834e4beaef,69900,0,FixedBid
55369e9b8928e5212ed10ff2,54d1aac62e08b70233a6b01b,180000,6,HourlyRate
55369e9b8928e5212ed10ff2,552c4ee18928e5212ecf3b73,150000,10,HourlyRate
55369e9b8928e5212ed10ff2,54f5986368f8262816bb10d3,100000,4,HourlyRate
55369e9b8928e5212ed10ff2,522f508fce77a72144de25b4,27500,1,HourlyRate
55369e9b8928e5212ed10ff2,54f0fc0e2de2cbc01227e97d,145000,0,FixedBid
553717598928e5212ed135c6,54c19c762e08b70233a3eff2,19500,1,HourlyRate
553717598928e5212ed135c6,552c4ee18928e5212ecf3b73,150000,10,HourlyRate
553717598928e5212ed135c6,5435a20251a18de5415ed380,142500,5,HourlyRate
553717598928e5212ed135c6,54f4b6282de2cbc012283696,100000,5,HourlyRate
5537f2d98928e5212ed16848,5435a20251a18de5415ed380,20000,0,FixedBid
55380cec0234f7e6568e9fa0,5435a20251a18de5415ed380,85500,3,HourlyRate
55380cec0234f7e6568e9fa0,54c19c762e08b70233a3eff2,19500,1,HourlyRate
553721a68928e5212ed137a1,4fea4394ce77a70b3cbad036,120000,4,HourlyRate
553721a68928e5212ed137a1,53c60b6a43ccad834e47d9c2,200000,8,HourlyRate
553721a68928e5212ed137a1,54c94a49c5f46ecd0f19914d,60000,4,HourlyRate
553721a68928e5212ed137a1,551ce6f89516c9241548f1a4,15000,0,FixedBid
553721a68928e5212ed137a1,53ee5fb17366e0ec3c7362d9,67500,3,HourlyRate
553721a68928e5212ed137a1,551325340b5713935b6bb1cd,50000,0,FixedBid
552e95550234f7e6568ccf86,52d551a2245c7d21c0d85417,70000,0,FixedBid
552e95550234f7e6568ccf86,5435a20251a18de5415ed380,75000,0,FixedBid
552e95550234f7e6568ccf86,52557e5bce77a7040c61dc0c,75000,0,FixedBid
552e95550234f7e6568ccf86,536a5bd0245c7d219ca8a1df,65000,0,FixedBid
553905298928e5212ed19686,5501eb56f97d87546f41dd48,40000,2,HourlyRate
553905298928e5212ed19686,5511d212e14573073a62b6cb,75000,3,HourlyRate
553905298928e5212ed19686,537bac51245c7d120c478c37,40000,0,FixedBid
553905298928e5212ed19686,54c2bae32e08b70233a40aff,25000,2,HourlyRate
553905298928e5212ed19686,52d551a2245c7d21c0d85417,70000,0,FixedBid
553905298928e5212ed19686,54f36e602de2cbc012280fa1,100000,0,FixedBid
553905298928e5212ed19686,54c19c762e08b70233a3eff2,19500,1,HourlyRate
553905298928e5212ed19686,52979cf1ce77a706f8819fd5,50000,0,FixedBid
553905298928e5212ed19686,501abbf8ce77a70cacc290e5,57500,0,FixedBid
553905298928e5212ed19686,5435a20251a18de5415ed380,85500,3,HourlyRate
553976ef0234f7e6568ee9d8,521ce092ce77a704a4d53fe9,55000,0,FixedBid
55399e038928e5212ed1c908,54f36e602de2cbc012280fa1,2000,0,FixedBid
553a7da40234f7e6568f1536,52557e5bce77a7040c61dc0c,28500,1,HourlyRate
5533e0758928e5212ed089d5,54c19c762e08b70233a3eff2,37500,0,FixedBid
5533e0758928e5212ed089d5,5213f0c7ce77a721002a1734,108500,0,FixedBid
5533e0758928e5212ed089d5,5435a20251a18de5415ed380,175000,0,FixedBid
5533e0758928e5212ed089d5,54b95ad7c5f46ecd0f17fd20,250000,0,FixedBid
5533e0758928e5212ed089d5,539f3c92245c7d14906e2a7a,93900,0,FixedBid
5533e0758928e5212ed089d5,522f508fce77a72144de25b4,146400,0,FixedBid
553ab0258928e5212ed1f051,52f9548e245c7d296cfe6f02,508000,0,FixedBid
553976ef0234f7e6568ee9d8,53857919245c7d25f4347ef0,90000,0,FixedBid
553976ef0234f7e6568ee9d8,552c4ee18928e5212ecf3b73,200000,10,HourlyRate
553976ef0234f7e6568ee9d8,54c19c762e08b70233a3eff2,99500,0,FixedBid
553976ef0234f7e6568ee9d8,51ca3c0dce77a71df8c871d9,77000,0,FixedBid
553976ef0234f7e6568ee9d8,539f3c92245c7d14906e2a7a,80000,0,FixedBid
553976ef0234f7e6568ee9d8,510197e3ce77a71638879c1f,51500,0,FixedBid
553976ef0234f7e6568ee9d8,522f508fce77a72144de25b4,157000,0,FixedBid
553ae2ca0234f7e6568f2dd8,552c4ee18928e5212ecf3b73,111000,6,HourlyRate
553ae2ca0234f7e6568f2dd8,510197e3ce77a71638879c1f,51500,0,FixedBid
553ae2ca0234f7e6568f2dd8,53ee5fb17366e0ec3c7362d9,95000,0,FixedBid
553ae2ca0234f7e6568f2dd8,517ee91bce77a717a4e5800f,12500,0.5,HourlyRate
553ae2ca0234f7e6568f2dd8,521ce092ce77a704a4d53fe9,55000,0,FixedBid
555a7129fee2a02f1d4304df,552dc2a48928e5212ecf8c34,275000,10,HourlyRate
555a7129fee2a02f1d4304df,54c19c762e08b70233a3eff2,42500,0,FixedBid
553d532b8928e5212ed22e19,552c93b68928e5212ecf4753,112500,0,FixedBid
553d532b8928e5212ed22e19,54c94a49c5f46ecd0f19914d,52500,0,FixedBid
553d532b8928e5212ed22e19,52d45d31245c7d1d0841c1f9,57500,0,FixedBid
553d532b8928e5212ed22e19,551ce6f89516c9241548f1a4,87500,0,FixedBid
553d532b8928e5212ed22e19,552c4ee18928e5212ecf3b73,132500,5,HourlyRate
553d532b8928e5212ed22e19,551325340b5713935b6bb1cd,105000,0,FixedBid
553d532b8928e5212ed22e19,4fea4394ce77a70b3cbad036,120000,0,FixedBid
553d532b8928e5212ed22e19,52783509ce77a708182b6c90,50000,0,FixedBid
5530597b8928e5212ed02769,5435a20251a18de5415ed380,85500,3,HourlyRate
5530597b8928e5212ed02769,521ce092ce77a704a4d53fe9,20000,1,HourlyRate
5530597b8928e5212ed02769,4fea17bcce77a70118855651,43500,0,FixedBid
5530597b8928e5212ed02769,522f508fce77a72144de25b4,27500,1,HourlyRate
5530597b8928e5212ed02769,54f5986368f8262816bb10d3,100000,4,HourlyRate
5530597b8928e5212ed02769,53ee5fb17366e0ec3c7362d9,22500,1,HourlyRate
5530597b8928e5212ed02769,54f0fc0e2de2cbc01227e97d,145000,0,FixedBid
553fd9ad0234f7e6568fd46a,54c19c762e08b70233a3eff2,19500,1,HourlyRate
553fd9ad0234f7e6568fd46a,5539aa350234f7e6568efb7f,175000,5,HourlyRate
553fd9ad0234f7e6568fd46a,54f36e602de2cbc012280fa1,100000,0,FixedBid
553fd9ad0234f7e6568fd46a,5435a20251a18de5415ed380,85500,3,HourlyRate
553fd9ad0234f7e6568fd46a,5512ffa40b5713935b6ba709,32500,1,HourlyRate
553fd9ad0234f7e6568fd46a,539f3c92245c7d14906e2a7a,82500,0,FixedBid
554025468928e5212ed2c160,52783509ce77a708182b6c90,75000,0,FixedBid
554108140234f7e656901495,52f9548e245c7d296cfe6f02,307000,0,FixedBid
554025468928e5212ed2c160,53ee5fb17366e0ec3c7362d9,115000,0,FixedBid
554025468928e5212ed2c160,517ee91bce77a717a4e5800f,132500,0,FixedBid
554025468928e5212ed2c160,50f59f67ce77a70700561c1a,150000,0,FixedBid
554025468928e5212ed2c160,510197e3ce77a71638879c1f,51500,0,FixedBid
554025468928e5212ed2c160,50d296b9ce77a722047d65bc,118800,0,FixedBid
554025468928e5212ed2c160,53ec0ea343ccad834e4beaef,59900,0,FixedBid
554025468928e5212ed2c160,54f4b6282de2cbc012283696,70000,0,FixedBid
554025468928e5212ed2c160,51ca3c0dce77a71df8c871d9,77000,0,FixedBid
554025468928e5212ed2c160,552c4ee18928e5212ecf3b73,140000,0,FixedBid
5542b2670234f7e656907e38,52562238ce77a70d98327339,55000,2,HourlyRate
5542b2670234f7e656907e38,5002f6fece77a70b1cb0a822,27500,1,HourlyRate
5542b2670234f7e656907e38,552c4ee18928e5212ecf3b73,245000,10,HourlyRate
55401e978928e5212ed2be6a,5435a20251a18de5415ed380,260300,0,FixedBid
553142618928e5212ed04985,5364212d245c7d2708e3c459,1815000,0,FixedBid
553142618928e5212ed04985,52d4c884245c7d21c0d84f1e,400000,0,FixedBid
553142618928e5212ed04985,52d45d31245c7d1d0841c1f9,665000,0,FixedBid
553142618928e5212ed04985,54c94a49c5f46ecd0f19914d,340000,0,FixedBid
553142618928e5212ed04985,54fe5860f97d87546f413064,200000,0,FixedBid
553142618928e5212ed04985,54e3c97e4540f7261752fb29,315000,0,FixedBid
553142618928e5212ed04985,53c60b6a43ccad834e47d9c2,413000,0,FixedBid
553fcd610234f7e6568fcffe,50c0202bce77a711d840ba32,60000,0,FixedBid
5546ff6e8f99862a08310be3,52d45d31245c7d1d0841c1f9,390000,0,FixedBid
5546ff6e8f99862a08310be3,52260498ce77a71e58f8112e,220000,0,FixedBid
554111e88928e5212ed2e4e0,5435a20251a18de5415ed380,125000,0,FixedBid
554111e88928e5212ed2e4e0,553591488928e5212ed0dcbe,85000,0,FixedBid
5547ad468f99862a08311ce9,53ec0ea343ccad834e4beaef,30000,1,HourlyRate
5547ad468f99862a08311ce9,4fea17bcce77a70118855651,38500,0,FixedBid
5547ad468f99862a08311ce9,4f788321ce77a708281854bc,150000,0,FixedBid
5547ad468f99862a08311ce9,529faa66ce77a70b4816a7d5,10000,0,FixedBid
5547ad468f99862a08311ce9,517ee91bce77a717a4e5800f,100000,4,HourlyRate
5547ad468f99862a08311ce9,552c4ee18928e5212ecf3b73,132000,6,HourlyRate
55490bec8f99862a08315dc6,52f9548e245c7d296cfe6f02,350000,0,FixedBid
55494b80fee2a02f1d4064d2,54f4b6282de2cbc012283696,40000,0,FixedBid
5536ee818928e5212ed12b2d,552dc2a48928e5212ecf8c34,100000,0,FixedBid
5536ee818928e5212ed12b2d,5213f0c7ce77a721002a1734,308900,0,FixedBid
5548ccb58f99862a083144f6,521269efce77a721e4d96ecb,60000,0,FixedBid
55494b80fee2a02f1d4064d2,54c947d0c5f46ecd0f1990a0,32500,1,HourlyRate
55494b80fee2a02f1d4064d2,53ec0ea343ccad834e4beaef,129900,0,FixedBid
55494b80fee2a02f1d4064d2,53fd4d843c5e9fb1570015d1,50000,0,FixedBid
55494b80fee2a02f1d4064d2,53857919245c7d25f4347ef0,120000,0,FixedBid
554999608f99862a08318525,52d45d31245c7d1d0841c1f9,175000,0,FixedBid
554999608f99862a08318525,52260498ce77a71e58f8112e,175000,0,FixedBid
55499c39fee2a02f1d4076c0,54c19c762e08b70233a3eff2,20500,1,HourlyRate
554946858f99862a0831717c,54d9b2b12e08b70233a79b65,45000,3,HourlyRate
554a05318f99862a08318c62,531a0a63245c7d19a896d02a,59000,2,HourlyRate
554a07ac8f99862a08318d1f,54c19c762e08b70233a3eff2,22500,1,HourlyRate
554a07ac8f99862a08318d1f,539f3c92245c7d14906e2a7a,27500,1,HourlyRate
554a07ac8f99862a08318d1f,52bb0ed3245c7d0ea84b7660,125000,0,FixedBid
554a07ac8f99862a08318d1f,5435a20251a18de5415ed380,85500,3,HourlyRate
554a07ac8f99862a08318d1f,54f36e602de2cbc012280fa1,80000,0,FixedBid
554a07ac8f99862a08318d1f,552dc2a48928e5212ecf8c34,250000,0,FixedBid
554a07ac8f99862a08318d1f,528d906bce77a70e24d8c308,54000,3,HourlyRate
55392f698928e5212ed1a477,54c94a49c5f46ecd0f19914d,433000,0,FixedBid
55392f698928e5212ed1a477,52d45d31245c7d1d0841c1f9,380000,0,FixedBid
554a5b9b8f99862a0831a0c3,52d45d31245c7d1d0841c1f9,50000,0,FixedBid
554a67de8f99862a0831a864,5273246cce77a70568136f22,72750,7.75,HourlyRate
554a65828f99862a0831a748,53c9e7f043ccad834e48273d,60000,4,HourlyRate
554a65828f99862a0831a748,54c19c762e08b70233a3eff2,19500,1,HourlyRate
554b942efee2a02f1d40cffa,53ee5fb17366e0ec3c7362d9,97500,0,FixedBid
554b942efee2a02f1d40cffa,50c0202bce77a711d840ba32,80000,0,FixedBid
555a7129fee2a02f1d4304df,54f36e602de2cbc012280fa1,100000,0,FixedBid
554b942efee2a02f1d40cffa,54f4b6282de2cbc012283696,55000,0,FixedBid
554b942efee2a02f1d40cffa,521ce092ce77a704a4d53fe9,52500,0,FixedBid
554b942efee2a02f1d40cffa,51ca3c0dce77a71df8c871d9,77000,0,FixedBid
554b942efee2a02f1d40cffa,552c4ee18928e5212ecf3b73,97500,5,HourlyRate
554bbaea8f99862a0831e9a5,53ec0ea343ccad834e4beaef,78400,0,FixedBid
554bbaea8f99862a0831e9a5,51fbf490ce77a7112c64aa0b,310000,0,FixedBid
554bbaea8f99862a0831e9a5,54f4b6282de2cbc012283696,50000,0,FixedBid
554bbaea8f99862a0831e9a5,50c0202bce77a711d840ba32,100000,0,FixedBid
554bbaea8f99862a0831e9a5,51ca3c0dce77a71df8c871d9,83000,0,FixedBid
554bbaea8f99862a0831e9a5,53ee5fb17366e0ec3c7362d9,107500,0,FixedBid
555624c2fee2a02f1d4287b9,5435a20251a18de5415ed380,162500,5,HourlyRate
554bb6ae8f99862a0831e882,54f36e602de2cbc012280fa1,120000,0,FixedBid
554bb6ae8f99862a0831e882,5435a20251a18de5415ed380,175000,0,FixedBid
554bb6ae8f99862a0831e882,54c19c762e08b70233a3eff2,39500,0,FixedBid
554bb6ae8f99862a0831e882,552dc2a48928e5212ecf8c34,205000,0,FixedBid
554bb6ae8f99862a0831e882,55441122fee2a02f1d3fcda0,160000,0,FixedBid
554bb6ae8f99862a0831e882,52979cf1ce77a706f8819fd5,77000,0,FixedBid
554bb6ae8f99862a0831e882,5501eb56f97d87546f41dd48,222800,0,FixedBid
554bb6ae8f99862a0831e882,537b92d8245c7d120c478bb8,250000,0,FixedBid
554c2ad18f99862a08320988,5512ffa40b5713935b6ba709,32500,1,HourlyRate
554c2ad18f99862a08320988,552dc2a48928e5212ecf8c34,70000,0,FixedBid
554c2ad18f99862a08320988,555d0d60fc87d0e077f5dda1,80000,0,FixedBid
5548ccb58f99862a083144f6,543eddcc51a18de5415fa384,210000,6,HourlyRate
5548ccb58f99862a083144f6,52562238ce77a70d98327339,82500,3,HourlyRate
5548ccb58f99862a083144f6,5501eb56f97d87546f41dd48,85000,3,HourlyRate
5548ccb58f99862a083144f6,552410a19516c9241549e8e4,60000,0,FixedBid
55510c6b8f99862a08328578,522f508fce77a72144de25b4,137500,5,HourlyRate
554c0092fee2a02f1d40f294,52260498ce77a71e58f8112e,84000,0,FixedBid
554c0092fee2a02f1d40f294,54c94a49c5f46ecd0f19914d,82500,0,FixedBid
554c0092fee2a02f1d40f294,52d45d31245c7d1d0841c1f9,137500,0,FixedBid
554d17438f99862a0832302a,53ec0ea343ccad834e4beaef,59900,0,FixedBid
554d17438f99862a0832302a,5435a20251a18de5415ed380,200000,0,FixedBid
554bc6b98f99862a0831ecd9,54ff57b60bb19ae920a8892b,600000,0,FixedBid
554bc6b98f99862a0831ecd9,54c94a49c5f46ecd0f19914d,490000,0,FixedBid
554bc6b98f99862a0831ecd9,52a2435fce77a70ca8b23880,850000,0,FixedBid
554f7de98f99862a08325b19,5538189f8928e5212ed17558,187500,5,HourlyRate
554f7de98f99862a08325b19,5511d212e14573073a62b6cb,20000,1,HourlyRate
554f7de98f99862a08325b19,552dc2a48928e5212ecf8c34,250000,10,HourlyRate
554fff7e8f99862a0832628c,52d45d31245c7d1d0841c1f9,57500,0,FixedBid
554fff7e8f99862a0832628c,513e3c68ce77a73630aa1595,75000,0,FixedBid
554fff7e8f99862a0832628c,53ec0ea343ccad834e4beaef,52400,0,FixedBid
554fff7e8f99862a0832628c,53ee5fb17366e0ec3c7362d9,75000,0,FixedBid
554fff7e8f99862a0832628c,552c4ee18928e5212ecf3b73,130000,0,FixedBid
554fff7e8f99862a0832628c,52d035c9245c7d2484871f0b,57500,0,FixedBid
554fff7e8f99862a0832628c,4fea4394ce77a70b3cbad036,71000,1,HourlyRate
5547909cfee2a02f1d400679,54c19c762e08b70233a3eff2,19500,1,HourlyRate
5547909cfee2a02f1d400679,552dc2a48928e5212ecf8c34,80000,0,FixedBid
5547909cfee2a02f1d400679,54f36e602de2cbc012280fa1,100000,0,FixedBid
5547909cfee2a02f1d400679,5435a20251a18de5415ed380,175000,0,FixedBid
5547909cfee2a02f1d400679,5511d212e14573073a62b6cb,20000,1,HourlyRate
554d0d598f99862a08322c0d,553591488928e5212ed0dcbe,155000,0,FixedBid
554d0d598f99862a08322c0d,50f850d1ce77a706dc2c897f,80000,0,FixedBid
55516ea68f99862a08329d55,531a0a63245c7d19a896d02a,27500,1,HourlyRate
555509498f99862a0833684c,52260498ce77a71e58f8112e,175000,0,FixedBid
55516cddfee2a02f1d419266,5539aa350234f7e6568efb7f,50000,0,FixedBid
55516cddfee2a02f1d419266,54f36e602de2cbc012280fa1,80000,0,FixedBid
55516cddfee2a02f1d419266,54c947d0c5f46ecd0f1990a0,32500,1,HourlyRate
55516cddfee2a02f1d419266,553c65a08928e5212ed21ba4,90000,2.25,HourlyRate
55516cddfee2a02f1d419266,5543db00fee2a02f1d3fc2cd,175000,5,HourlyRate
55516cddfee2a02f1d419266,5435a20251a18de5415ed380,60000,0,FixedBid
55516cddfee2a02f1d419266,52557e5bce77a7040c61dc0c,28500,1,HourlyRate
55523afb8f99862a0832bbda,522f508fce77a72144de25b4,27500,1,HourlyRate
55523afb8f99862a0832bbda,539f3c92245c7d14906e2a7a,27500,1,HourlyRate
55523afb8f99862a0832bbda,54c947d0c5f46ecd0f1990a0,32500,1,HourlyRate
55523afb8f99862a0832bbda,5435a20251a18de5415ed380,85500,3,HourlyRate
5555032cfee2a02f1d425d75,55106f78e14573073a626bac,19500,1,HourlyRate
55522b098f99862a0832b4e8,546a3b5b3e3e776908254e2f,25000,0,FixedBid
55522b098f99862a0832b4e8,524da6f7ce77a706949fbe78,30000,0,FixedBid
555251f7fee2a02f1d41c26f,54c94a49c5f46ecd0f19914d,80500,0,FixedBid
555251f7fee2a02f1d41c26f,52d45d31245c7d1d0841c1f9,131500,0,FixedBid
555251f7fee2a02f1d41c26f,52260498ce77a71e58f8112e,96500,0,FixedBid
55528000fee2a02f1d41d065,52d035c9245c7d2484871f0b,300000,0,FixedBid
5552376afee2a02f1d41b083,5435a20251a18de5415ed380,57000,2,HourlyRate
5552376afee2a02f1d41b083,529e1306ce77a70bf4dd594e,76000,4,HourlyRate
55526f3bfee2a02f1d41cab7,5435a20251a18de5415ed380,65000,2,HourlyRate
55526f3bfee2a02f1d41cab7,53c9e7f043ccad834e48273d,45000,3,HourlyRate
55526911fee2a02f1d41c8e2,53c9e7f043ccad834e48273d,45000,3,HourlyRate
55526911fee2a02f1d41c8e2,553c65a08928e5212ed21ba4,10000,0,FixedBid
55526911fee2a02f1d41c8e2,5435a20251a18de5415ed380,57000,2,HourlyRate
55526911fee2a02f1d41c8e2,5511d212e14573073a62b6cb,20000,1,HourlyRate
55526911fee2a02f1d41c8e2,552dc2a48928e5212ecf8c34,80000,0,FixedBid
55526911fee2a02f1d41c8e2,5543db00fee2a02f1d3fc2cd,175000,5,HourlyRate
55528000fee2a02f1d41d065,54c94a49c5f46ecd0f19914d,300000,0,FixedBid
55528000fee2a02f1d41d065,52260498ce77a71e58f8112e,200000,0,FixedBid
55528000fee2a02f1d41d065,52d45d31245c7d1d0841c1f9,290000,0,FixedBid
55528b78fee2a02f1d41d792,52d035c9245c7d2484871f0b,17500,1,HourlyRate
55528b78fee2a02f1d41d792,52d45d31245c7d1d0841c1f9,57500,0,FixedBid
555238228f99862a0832bacb,54c947d0c5f46ecd0f1990a0,32500,1,HourlyRate
55528b78fee2a02f1d41d792,54c94a49c5f46ecd0f19914d,60000,4,HourlyRate
55528fb7fee2a02f1d41d9c5,5418afa1ccebe76b7bec0a50,29500,1,HourlyRate
55528fb7fee2a02f1d41d9c5,53c5ede543ccad834e47d7c6,40000,2,HourlyRate
55528fb7fee2a02f1d41d9c5,551ce6f89516c9241548f1a4,20000,0,FixedBid
55528fb7fee2a02f1d41d9c5,54f5986368f8262816bb10d3,50000,2,HourlyRate
55528fb7fee2a02f1d41d9c5,552c4ee18928e5212ecf3b73,97500,5,HourlyRate
5552475ffee2a02f1d41be83,54c19c762e08b70233a3eff2,99500,0,FixedBid
5552475ffee2a02f1d41be83,553c65a08928e5212ed21ba4,20000,0,FixedBid
5552475ffee2a02f1d41be83,5543db00fee2a02f1d3fc2cd,192500,5.5,HourlyRate
5552475ffee2a02f1d41be83,5435a20251a18de5415ed380,75000,0,FixedBid
5552475ffee2a02f1d41be83,5511d212e14573073a62b6cb,50000,2.5,HourlyRate
5552475ffee2a02f1d41be83,552dc2a48928e5212ecf8c34,40000,0,FixedBid
5552475ffee2a02f1d41be83,53c9e7f043ccad834e48273d,30000,0,FixedBid
5552475ffee2a02f1d41be83,52557e5bce77a7040c61dc0c,35000,0,FixedBid
5552475ffee2a02f1d41be83,5539aa350234f7e6568efb7f,50000,0,FixedBid
55528201fee2a02f1d41d17a,552dc2a48928e5212ecf8c34,650000,0,FixedBid
555238228f99862a0832bacb,5538189f8928e5212ed17558,50000,0,FixedBid
55528201fee2a02f1d41d17a,5326eefb245c7d067062ead0,400000,0,FixedBid
5552b3f38f99862a0832eca9,529e1306ce77a70bf4dd594e,285000,15,HourlyRate
55518f56fee2a02f1d419730,50d296b9ce77a722047d65bc,200000,8,HourlyRate
55518e658f99862a0832a1a2,50d296b9ce77a722047d65bc,170000,0,FixedBid
5552b45cfee2a02f1d41e355,5511d212e14573073a62b6cb,20000,1,HourlyRate
5552b45cfee2a02f1d41e355,54f5986368f8262816bb10d3,100000,4,HourlyRate
5552b45cfee2a02f1d41e355,52979cf1ce77a706f8819fd5,45000,3,HourlyRate
5552b45cfee2a02f1d41e355,5538189f8928e5212ed17558,50000,0,FixedBid
5552b45cfee2a02f1d41e355,54f36e602de2cbc012280fa1,60000,0,FixedBid
5552b45cfee2a02f1d41e355,53ec0ea343ccad834e4beaef,49900,0,FixedBid
5553346f8f99862a0832f8fa,520fe543ce77a71a8474e817,55000,0,FixedBid
55525f4ffee2a02f1d41c5d5,52979cf1ce77a706f8819fd5,37500,0,FixedBid
55525f4ffee2a02f1d41c5d5,5511d212e14573073a62b6cb,20000,1,HourlyRate
55525f4ffee2a02f1d41c5d5,524dd3c9ce77a706949fc248,120000,3,HourlyRate
5552b4d18f99862a0832ecda,54f36e602de2cbc012280fa1,60000,0,FixedBid
5552b4d18f99862a0832ecda,50d296b9ce77a722047d65bc,250000,10,HourlyRate
5552b4d18f99862a0832ecda,552dc2a48928e5212ecf8c34,60000,0,FixedBid
5552b4d18f99862a0832ecda,547fcefb460e0793086e1339,100000,4,HourlyRate
5553346f8f99862a0832f8fa,552c4ee18928e5212ecf3b73,117000,6,HourlyRate
555a6c95fee2a02f1d430353,54c947d0c5f46ecd0f1990a0,32500,1,HourlyRate
5552b4d18f99862a0832ecda,54c2bae32e08b70233a40aff,35000,2,HourlyRate
5552b4d18f99862a0832ecda,5543db00fee2a02f1d3fc2cd,787500,22.5,HourlyRate
5552b4d18f99862a0832ecda,539f3c92245c7d14906e2a7a,55000,2,HourlyRate
5552b4d18f99862a0832ecda,528d906bce77a70e24d8c308,90000,4,HourlyRate
5552b4d18f99862a0832ecda,551b029ed6657ae7070ec437,300000,0,FixedBid
5552b4d18f99862a0832ecda,521269efce77a721e4d96ecb,250000,0,FixedBid
5552b4d18f99862a0832ecda,53ec0ea343ccad834e4beaef,49900,0,FixedBid
555238228f99862a0832bacb,533a4e4b245c7d03fcf1cf1a,18000,1,HourlyRate
555238228f99862a0832bacb,5435a20251a18de5415ed380,50000,0,FixedBid
555238228f99862a0832bacb,50f850d1ce77a706dc2c897f,17500,0,FixedBid
5553346f8f99862a0832f8fa,539f3c92245c7d14906e2a7a,27500,1,HourlyRate
5553346f8f99862a0832f8fa,5213f0c7ce77a721002a1734,99000,0,FixedBid
5553346f8f99862a0832f8fa,552dc2a48928e5212ecf8c34,200000,8,HourlyRate
5553346f8f99862a0832f8fa,53ee5fb17366e0ec3c7362d9,22500,1,HourlyRate
5553346f8f99862a0832f8fa,52beaf7d245c7d1ae0301aaf,18000,1,HourlyRate
5553346f8f99862a0832f8fa,53ec0ea343ccad834e4beaef,59900,0,FixedBid
5553346f8f99862a0832f8fa,51ca3c0dce77a71df8c871d9,11000,0,FixedBid
5553346f8f99862a0832f8fa,5552a8788f99862a0832ea81,30000,1,HourlyRate
5552b15c8f99862a0832ebe2,552dc2a48928e5212ecf8c34,100000,0,FixedBid
5552b15c8f99862a0832ebe2,524dd3c9ce77a706949fc248,120000,3,HourlyRate
5552b15c8f99862a0832ebe2,54f36e602de2cbc012280fa1,90000,0,FixedBid
5552b15c8f99862a0832ebe2,53ec0ea343ccad834e4beaef,59900,0,FixedBid
5552b15c8f99862a0832ebe2,536a5bd0245c7d219ca8a1df,80000,0,FixedBid
5553903f8f99862a0833118b,53ec0ea343ccad834e4beaef,59900,0,FixedBid
5553903f8f99862a0833118b,552c4ee18928e5212ecf3b73,120000,0,FixedBid
5553903f8f99862a0833118b,539f3c92245c7d14906e2a7a,80000,0,FixedBid
5553903f8f99862a0833118b,50d296b9ce77a722047d65bc,118800,0,FixedBid
5553903f8f99862a0833118b,510197e3ce77a71638879c1f,41500,0,FixedBid
5553903f8f99862a0833118b,54c947d0c5f46ecd0f1990a0,100,1,HourlyRate
5553903f8f99862a0833118b,521ce092ce77a704a4d53fe9,55000,0,FixedBid
5553903f8f99862a0833118b,52beaf7d245c7d1ae0301aaf,55000,0,FixedBid
5553903f8f99862a0833118b,517ee91bce77a717a4e5800f,55500,0,FixedBid
5553903f8f99862a0833118b,528d906bce77a70e24d8c308,85000,0,FixedBid
5553903f8f99862a0833118b,51ca3c0dce77a71df8c871d9,77000,0,FixedBid
5553903f8f99862a0833118b,548f75803e3e776908275fbe,47000,0,FixedBid
55529d038f99862a0832e835,552dc2a48928e5212ecf8c34,500000,20,HourlyRate
55529d038f99862a0832e835,53ec0ea343ccad834e4beaef,79900,0,FixedBid
55529d038f99862a0832e835,539f3c92245c7d14906e2a7a,94800,0,FixedBid
5552d090fee2a02f1d41e988,5543db00fee2a02f1d3fc2cd,395000,10,HourlyRate
5552d090fee2a02f1d41e988,555138598f99862a083293b3,193000,0,FixedBid
5552d090fee2a02f1d41e988,54f36e602de2cbc012280fa1,90000,0,FixedBid
5552d090fee2a02f1d41e988,54c19c762e08b70233a3eff2,37500,0,FixedBid
5552d090fee2a02f1d41e988,552dc2a48928e5212ecf8c34,67500,0,FixedBid
5553cb068f99862a08332b78,53c60b6a43ccad834e47d9c2,893000,0,FixedBid
5553cb068f99862a08332b78,52d45d31245c7d1d0841c1f9,390000,0,FixedBid
5553cb068f99862a08332b78,54c94a49c5f46ecd0f19914d,458000,0,FixedBid
5553cb068f99862a08332b78,52260498ce77a71e58f8112e,305000,0,FixedBid
5552410bfee2a02f1d41b5d1,53ec0ea343ccad834e4beaef,59900,0,FixedBid
5552410bfee2a02f1d41b5d1,539f3c92245c7d14906e2a7a,75000,0,FixedBid
5552410bfee2a02f1d41b5d1,51ca3c0dce77a71df8c871d9,77000,0,FixedBid
5552410bfee2a02f1d41b5d1,50c0202bce77a711d840ba32,90000,0,FixedBid
5552410bfee2a02f1d41b5d1,552c4ee18928e5212ecf3b73,120000,6,HourlyRate
5552410bfee2a02f1d41b5d1,55480a128f99862a083135b7,120000,0,FixedBid
5552410bfee2a02f1d41b5d1,52bdb059245c7d21042149f3,90000,5,HourlyRate
5552410bfee2a02f1d41b5d1,522f508fce77a72144de25b4,27500,1,HourlyRate
555401f18f99862a083339b9,5435a20251a18de5415ed380,114000,4,HourlyRate
55534d9dfee2a02f1d41f1d9,552dc2a48928e5212ecf8c34,500000,20,HourlyRate
55534d9dfee2a02f1d41f1d9,54c19c762e08b70233a3eff2,19500,1,HourlyRate
5553dd78fee2a02f1d4226b7,5435a20251a18de5415ed380,57000,2,HourlyRate
5553dd78fee2a02f1d4226b7,555138598f99862a083293b3,268000,10,HourlyRate
5553dd78fee2a02f1d4226b7,54c19c762e08b70233a3eff2,19500,1,HourlyRate
5553dd78fee2a02f1d4226b7,536a5bd0245c7d219ca8a1df,130000,10,HourlyRate
5553d2e0fee2a02f1d42240f,552dc2a48928e5212ecf8c34,70000,0,FixedBid
5553d2e0fee2a02f1d42240f,54c19c762e08b70233a3eff2,83000,0,FixedBid
55536ceffee2a02f1d41f925,53ee5fb17366e0ec3c7362d9,22500,1,HourlyRate
55536ceffee2a02f1d41f925,54c947d0c5f46ecd0f1990a0,32500,1,HourlyRate
55536ceffee2a02f1d41f925,53ec0ea343ccad834e4beaef,22900,0,FixedBid
55536ceffee2a02f1d41f925,552c4ee18928e5212ecf3b73,117000,6,HourlyRate
55536ceffee2a02f1d41f925,52783509ce77a708182b6c90,20000,1,HourlyRate
5554db078f99862a08335769,539f3c92245c7d14906e2a7a,27500,1,HourlyRate
55536ceffee2a02f1d41f925,5435a20251a18de5415ed380,85500,3,HourlyRate
55536ceffee2a02f1d41f925,54c19c762e08b70233a3eff2,19500,1,HourlyRate
5553704afee2a02f1d41fa3e,5435a20251a18de5415ed380,57000,2,HourlyRate
5553704afee2a02f1d41fa3e,552c93b68928e5212ecf4753,375000,15,HourlyRate
5553704afee2a02f1d41fa3e,529e1306ce77a70bf4dd594e,76000,4,HourlyRate
55528b10fee2a02f1d41d74e,54b95ad7c5f46ecd0f17fd20,92500,5,HourlyRate
55528b10fee2a02f1d41d74e,536a5bd0245c7d219ca8a1df,50000,0,FixedBid
555210cdfee2a02f1d41a460,536a5bd0245c7d219ca8a1df,39000,3,HourlyRate
5554db078f99862a08335769,5435a20251a18de5415ed380,57000,2,HourlyRate
5554db078f99862a08335769,52beaf7d245c7d1ae0301aaf,18000,1,HourlyRate
5554db078f99862a08335769,53c5ede543ccad834e47d7c6,100000,5,HourlyRate
5554db078f99862a08335769,51ca3c0dce77a71df8c871d9,13000,0,FixedBid
5554db078f99862a08335769,552c4ee18928e5212ecf3b73,120000,6,HourlyRate
5554f780fee2a02f1d4258c4,5435a20251a18de5415ed380,142500,5,HourlyRate
5554f780fee2a02f1d4258c4,54f36e602de2cbc012280fa1,190000,0,FixedBid
5554f780fee2a02f1d4258c4,552dc2a48928e5212ecf8c34,250000,0,FixedBid
5554f780fee2a02f1d4258c4,547fcefb460e0793086e1339,600000,20,HourlyRate
5554745efee2a02f1d423a55,5543db00fee2a02f1d3fc2cd,225000,0,FixedBid
5554745efee2a02f1d423a55,5435a20251a18de5415ed380,228000,8,HourlyRate
5554745efee2a02f1d423a55,552dc2a48928e5212ecf8c34,250000,0,FixedBid
55550987fee2a02f1d425f43,52d45d31245c7d1d0841c1f9,290000,0,FixedBid
5554cc3e8f99862a08335138,5501eb56f97d87546f41dd48,150000,0,FixedBid
5554cc3e8f99862a08335138,5435a20251a18de5415ed380,175000,0,FixedBid
5554cc3e8f99862a08335138,54c19c762e08b70233a3eff2,19500,1,HourlyRate
5554cc3e8f99862a08335138,54f36e602de2cbc012280fa1,70000,0,FixedBid
5554cc3e8f99862a08335138,555138598f99862a083293b3,137500,5,HourlyRate
5554cc3e8f99862a08335138,552dc2a48928e5212ecf8c34,665000,25,HourlyRate
555565f48f99862a083379e0,5418afa1ccebe76b7bec0a50,29500,1,HourlyRate
5547cb558f99862a08312682,54c19c762e08b70233a3eff2,19500,1,HourlyRate
555493ff8f99862a08334569,548f75803e3e776908275fbe,47000,0,FixedBid
5555032cfee2a02f1d425d75,52c9d0f1245c7d1124b63a15,100000,4,HourlyRate
5555032cfee2a02f1d425d75,5213f0c7ce77a721002a1734,25000,1,HourlyRate
5555032cfee2a02f1d425d75,5435a20251a18de5415ed380,85500,3,HourlyRate
555141f1fee2a02f1d418b6f,5501eb56f97d87546f41dd48,50000,0,FixedBid
555141f1fee2a02f1d418b6f,54f36e602de2cbc012280fa1,70000,0,FixedBid
555141f1fee2a02f1d418b6f,553c65a08928e5212ed21ba4,100000,0,FixedBid
555141f1fee2a02f1d418b6f,5543db00fee2a02f1d3fc2cd,315000,9,HourlyRate
55591a798f99862a0833d003,52d035c9245c7d2484871f0b,47500,0,FixedBid
555141f1fee2a02f1d418b6f,5435a20251a18de5415ed380,85500,3,HourlyRate
555141f1fee2a02f1d418b6f,54c19c762e08b70233a3eff2,80000,0,FixedBid
5555241d8f99862a08336f98,52beaf7d245c7d1ae0301aaf,27000,1.5,HourlyRate
5555241d8f99862a08336f98,53ee5fb17366e0ec3c7362d9,22500,1,HourlyRate
5555fbd08f99862a0833863a,52979cf1ce77a706f8819fd5,61250,3.5,HourlyRate
55591a798f99862a0833d003,53ec0ea343ccad834e4beaef,29900,0,FixedBid
5555fbd08f99862a0833863a,5435a20251a18de5415ed380,57000,2,HourlyRate
5555fbd08f99862a0833863a,552dc2a48928e5212ecf8c34,150000,0,FixedBid
55554c138f99862a08337700,53ec0ea343ccad834e4beaef,49900,0,FixedBid
55554c138f99862a08337700,52beaf7d245c7d1ae0301aaf,45000,0,FixedBid
55554c138f99862a08337700,5435a20251a18de5415ed380,57000,2,HourlyRate
55554c138f99862a08337700,552c4ee18928e5212ecf3b73,87000,5,HourlyRate
55554c138f99862a08337700,53ee5fb17366e0ec3c7362d9,90000,0,FixedBid
555565f48f99862a083379e0,513e3c68ce77a73630aa1595,50000,0,FixedBid
555565f48f99862a083379e0,524dd3c9ce77a706949fc248,120000,3,HourlyRate
555565f48f99862a083379e0,53ec0ea343ccad834e4beaef,59900,0,FixedBid
555565f48f99862a083379e0,5435a20251a18de5415ed380,85500,3,HourlyRate
555565f48f99862a083379e0,5511d212e14573073a62b6cb,20000,1,HourlyRate
555565f48f99862a083379e0,54f5986368f8262816bb10d3,25000,0,FixedBid
555565f48f99862a083379e0,54c2bae32e08b70233a40aff,105000,6,HourlyRate
5556263e8f99862a0833900e,5435a20251a18de5415ed380,28500,1,HourlyRate
5556263e8f99862a0833900e,551b029ed6657ae7070ec437,25000,1,HourlyRate
5555760dfee2a02f1d427583,51afdafbce77a705985df8c5,230000,0,FixedBid
55563445fee2a02f1d428d65,52beaf7d245c7d1ae0301aaf,18000,1,HourlyRate
55563445fee2a02f1d428d65,552c4ee18928e5212ecf3b73,105000,5,HourlyRate
55563445fee2a02f1d428d65,50b1e713ce77a70e9429347f,20000,0,FixedBid
5547cb558f99862a08312682,4fc629a0ce77a70bf4bc87c3,100000,0,FixedBid
55563828fee2a02f1d428ef5,52d45d31245c7d1d0841c1f9,175000,0,FixedBid
55563828fee2a02f1d428ef5,52260498ce77a71e58f8112e,175000,0,FixedBid
555646f9fee2a02f1d42939b,5435a20251a18de5415ed380,85500,3,HourlyRate
555646f9fee2a02f1d42939b,555d0d60fc87d0e077f5dda1,30000,0,FixedBid
55563d77fee2a02f1d429063,552c4ee18928e5212ecf3b73,80000,5,HourlyRate
55563d77fee2a02f1d429063,54f36e602de2cbc012280fa1,120000,0,FixedBid
55563d77fee2a02f1d429063,5512b3b8e14573073a62d64d,125000,5,HourlyRate
55563d77fee2a02f1d429063,5538189f8928e5212ed17558,125000,5,HourlyRate
55563d77fee2a02f1d429063,5511d212e14573073a62b6cb,20000,1,HourlyRate
55563d77fee2a02f1d429063,54d1aac62e08b70233a6b01b,224000,8,HourlyRate
55563d77fee2a02f1d429063,54c2bae32e08b70233a40aff,52500,3,HourlyRate
55563d77fee2a02f1d429063,532b46d2245c7d0a8029d254,80000,0,FixedBid
5556d148fee2a02f1d42a8bb,55106f78e14573073a626bac,50000,0,FixedBid
55534eac8f99862a0832fc81,5435a20251a18de5415ed380,85500,3,HourlyRate
55534eac8f99862a0832fc81,54b95ad7c5f46ecd0f17fd20,87500,5,HourlyRate
5558fbecfee2a02f1d42c5a0,5539aa350234f7e6568efb7f,125000,5,HourlyRate
555690978f99862a0833ad73,552dc2a48928e5212ecf8c34,75000,0,FixedBid
555690978f99862a0833ad73,5501eb56f97d87546f41dd48,125000,0,FixedBid
555690978f99862a0833ad73,5511d212e14573073a62b6cb,20000,1,HourlyRate
555690978f99862a0833ad73,555138598f99862a083293b3,28500,1,HourlyRate
555690978f99862a0833ad73,5435a20251a18de5415ed380,57000,2,HourlyRate
55573a328f99862a0833b374,552dc2a48928e5212ecf8c34,1875000,75,HourlyRate
55573a328f99862a0833b374,5435a20251a18de5415ed380,150000,0,FixedBid
5557522b8f99862a0833b4c8,548f75803e3e776908275fbe,100,0,FixedBid
5557522b8f99862a0833b4c8,5435a20251a18de5415ed380,28500,1,HourlyRate
5558b1db8f99862a0833c6ad,53f23dab7366e0ec3c73d4e4,20000,0,FixedBid
5558b1db8f99862a0833c6ad,54f5986368f8262816bb10d3,10000,0,FixedBid
5558b1db8f99862a0833c6ad,5435a20251a18de5415ed380,57000,2,HourlyRate
5558b1db8f99862a0833c6ad,532b46d2245c7d0a8029d254,25000,0,FixedBid
5557b7e78f99862a0833bb22,52d45d31245c7d1d0841c1f9,57500,0,FixedBid
5557b7e78f99862a0833bb22,52d035c9245c7d2484871f0b,210000,0,FixedBid
55562097fee2a02f1d428709,52d45d31245c7d1d0841c1f9,57500,0,FixedBid
55562097fee2a02f1d428709,52557e5bce77a7040c61dc0c,63500,0,FixedBid
55562097fee2a02f1d428709,54c94a49c5f46ecd0f19914d,53500,0,FixedBid
55562097fee2a02f1d428709,5435a20251a18de5415ed380,75000,0,FixedBid
55562097fee2a02f1d428709,5511d212e14573073a62b6cb,57500,0,FixedBid
55562097fee2a02f1d428709,52d035c9245c7d2484871f0b,52500,0,FixedBid
55562097fee2a02f1d428709,53ee5fb17366e0ec3c7362d9,75000,0,FixedBid
55580482fee2a02f1d42b8c1,54c19c762e08b70233a3eff2,90000,4,HourlyRate
55593b1c8f99862a0833d231,54c94a49c5f46ecd0f19914d,175000,10,HourlyRate
5557be138f99862a0833bbc5,52d45d31245c7d1d0841c1f9,181500,0,FixedBid
5557be138f99862a0833bbc5,54c94a49c5f46ecd0f19914d,78000,0,FixedBid
5557be138f99862a0833bbc5,53c60b6a43ccad834e47d9c2,278000,0,FixedBid
555697668f99862a0833ae59,52d45d31245c7d1d0841c1f9,440000,0,FixedBid
555697668f99862a0833ae59,54c94a49c5f46ecd0f19914d,418000,0,FixedBid
5556d148fee2a02f1d42a8bb,5435a20251a18de5415ed380,28500,1,HourlyRate
555398298f99862a083314ea,552c4ee18928e5212ecf3b73,137000,6,HourlyRate
555398298f99862a083314ea,51ca3c0dce77a71df8c871d9,77000,0,FixedBid
555398298f99862a083314ea,548f75803e3e776908275fbe,47000,0,FixedBid
555398298f99862a083314ea,55480a128f99862a083135b7,84000,3,HourlyRate
55591a798f99862a0833d003,5435a20251a18de5415ed380,65000,0,FixedBid
55594835fee2a02f1d42cc8f,5435a20251a18de5415ed380,85500,3,HourlyRate
55594835fee2a02f1d42cc8f,54f36e602de2cbc012280fa1,35000,0,FixedBid
55594c86fee2a02f1d42cd1f,5435a20251a18de5415ed380,57000,2,HourlyRate
55594c86fee2a02f1d42cd1f,552c4ee18928e5212ecf3b73,80000,5,HourlyRate
55594c86fee2a02f1d42cd1f,539f3c92245c7d14906e2a7a,82500,3,HourlyRate
55594c86fee2a02f1d42cd1f,53ee5fb17366e0ec3c7362d9,22500,1,HourlyRate
55594c86fee2a02f1d42cd1f,53680e92245c7d26ccbdd6bb,100000,0,FixedBid
55591a798f99862a0833d003,552c4ee18928e5212ecf3b73,120000,5,HourlyRate
55591a798f99862a0833d003,52a678a1ce77a70f7c61f74d,45000,0,FixedBid
55591a798f99862a0833d003,513e3c68ce77a73630aa1595,75000,0,FixedBid
55591a798f99862a0833d003,53ee5fb17366e0ec3c7362d9,75000,0,FixedBid
55596847fee2a02f1d42d219,533a4e4b245c7d03fcf1cf1a,23500,1,HourlyRate
55596847fee2a02f1d42d219,52beaf7d245c7d1ae0301aaf,72000,4,HourlyRate
55596847fee2a02f1d42d219,54c947d0c5f46ecd0f1990a0,32500,1,HourlyRate
55596847fee2a02f1d42d219,539f3c92245c7d14906e2a7a,137500,5,HourlyRate
55596847fee2a02f1d42d219,552c4ee18928e5212ecf3b73,82500,5,HourlyRate
55596847fee2a02f1d42d219,5507ac100bb19ae920a9afbe,75000,3,HourlyRate
55596847fee2a02f1d42d219,54f4b6282de2cbc012283696,70000,0,FixedBid
55596847fee2a02f1d42d219,53ee5fb17366e0ec3c7362d9,95000,0,FixedBid
55596847fee2a02f1d42d219,53053fa7245c7d284068d46b,37500,1,HourlyRate
55596847fee2a02f1d42d219,5534fea48928e5212ed0ad71,100000,0,FixedBid
55596847fee2a02f1d42d219,510197e3ce77a71638879c1f,250000,0,FixedBid
5558d633fee2a02f1d42c1e7,54ff57b60bb19ae920a8892b,20000,1,HourlyRate
5558d633fee2a02f1d42c1e7,54c94a49c5f46ecd0f19914d,78000,0,FixedBid
5558d633fee2a02f1d42c1e7,52d45d31245c7d1d0841c1f9,181500,0,FixedBid
5559f0768f99862a0833dfc7,54c94a49c5f46ecd0f19914d,78000,0,FixedBid
5559f0768f99862a0833dfc7,52d45d31245c7d1d0841c1f9,181500,0,FixedBid
555a35c18f99862a0833f4f4,5435a20251a18de5415ed380,280000,0,FixedBid
555a35c18f99862a0833f4f4,539f3c92245c7d14906e2a7a,275000,10,HourlyRate
555a35c18f99862a0833f4f4,5548f2888f99862a083150bb,28000,1,HourlyRate
555a35c18f99862a0833f4f4,55480a128f99862a083135b7,640000,0,FixedBid
555a35c18f99862a0833f4f4,552dc2a48928e5212ecf8c34,125000,0,FixedBid
555a35c18f99862a0833f4f4,50d296b9ce77a722047d65bc,415000,15,HourlyRate
55594e8afee2a02f1d42cd72,54f36e602de2cbc012280fa1,375000,15,HourlyRate
5559bda58f99862a0833dc7e,54c94a49c5f46ecd0f19914d,568000,0,FixedBid
5559bda58f99862a0833dc7e,51be4430ce77a70c6040e82f,800000,0,FixedBid
5559bda58f99862a0833dc7e,52a2435fce77a70ca8b23880,445000,0,FixedBid
5559bda58f99862a0833dc7e,52d45d31245c7d1d0841c1f9,80000,0,FixedBid
5559bda58f99862a0833dc7e,52260498ce77a71e58f8112e,99000,0,FixedBid
5558e7bffee2a02f1d42c326,552dc2a48928e5212ecf8c34,280000,10,HourlyRate
555a4c1afee2a02f1d42f803,5538189f8928e5212ed17558,125000,5,HourlyRate
555a4c1afee2a02f1d42f803,54f36e602de2cbc012280fa1,100000,0,FixedBid
555a6c95fee2a02f1d430353,50f850d1ce77a706dc2c897f,110000,0,FixedBid
555a4c1afee2a02f1d42f803,536a5bd0245c7d219ca8a1df,62500,5,HourlyRate
555a4c1afee2a02f1d42f803,524dd3c9ce77a706949fc248,120000,3,HourlyRate
555a4c1afee2a02f1d42f803,554a536a8f99862a08319dbc,625000,25,HourlyRate
555a4c1afee2a02f1d42f803,552dc2a48928e5212ecf8c34,110000,0,FixedBid
555a4c1afee2a02f1d42f803,512579eece77a720e0b5bf76,260000,0,FixedBid
555a4c1afee2a02f1d42f803,5511d212e14573073a62b6cb,347500,0,FixedBid
55594e8afee2a02f1d42cd72,5435a20251a18de5415ed380,114000,4,HourlyRate
55594e8afee2a02f1d42cd72,5511d212e14573073a62b6cb,20000,1,HourlyRate
55594e8afee2a02f1d42cd72,54c19c762e08b70233a3eff2,19500,1,HourlyRate
555a59958f99862a083403df,5435a20251a18de5415ed380,35000,0,FixedBid
555a58438f99862a083402bc,5435a20251a18de5415ed380,85500,3,HourlyRate
555a32328f99862a0833f3b3,54c94a49c5f46ecd0f19914d,498000,0,FixedBid
555a32328f99862a0833f3b3,53c60b6a43ccad834e47d9c2,713000,0,FixedBid
555a32328f99862a0833f3b3,52d45d31245c7d1d0841c1f9,440000,0,FixedBid
555a32328f99862a0833f3b3,52260498ce77a71e58f8112e,300000,0,FixedBid
555a6c95fee2a02f1d430353,54f60a9a68f8262816bb2e75,75000,3,HourlyRate
5558c0308f99862a0833c790,53a3cf50245c7d270c1caa2b,87500,3.5,HourlyRate
5558c0308f99862a0833c790,52979cf1ce77a706f8819fd5,95000,0,FixedBid
5558c0308f99862a0833c790,54c19c762e08b70233a3eff2,19500,1,HourlyRate
555a74d58f99862a08340c82,5435a20251a18de5415ed380,57000,2,HourlyRate
555a70fefee2a02f1d4304c8,5435a20251a18de5415ed380,57000,2,HourlyRate
555a70fefee2a02f1d4304c8,55480a128f99862a083135b7,28000,1,HourlyRate
555a70fefee2a02f1d4304c8,5534fea48928e5212ed0ad71,20000,0,FixedBid
555723248f99862a0833b2ea,5435a20251a18de5415ed380,28500,1,HourlyRate
555723248f99862a0833b2ea,55441122fee2a02f1d3fcda0,15000,0,FixedBid
5557bee98f99862a0833bc15,524da6f7ce77a706949fbe78,650000,0,FixedBid
555a7129fee2a02f1d4304df,5435a20251a18de5415ed380,175000,0,FixedBid
555723248f99862a0833b2ea,52783509ce77a708182b6c90,27500,1,HourlyRate
555723248f99862a0833b2ea,52a66f21ce77a70f7c61f69b,150000,0,FixedBid
555a3b478f99862a0833f6a9,54d9b2b12e08b70233a79b65,325000,0,FixedBid
555a3b478f99862a0833f6a9,546a3b5b3e3e776908254e2f,270000,0,FixedBid
555a3b478f99862a0833f6a9,552dc2a48928e5212ecf8c34,750000,0,FixedBid
555a3b478f99862a0833f6a9,536bf168245c7d255cd05619,200000,0,FixedBid
555a7129fee2a02f1d4304df,52d551a2245c7d21c0d85417,170000,0,FixedBid
555632528f99862a083394e1,539f3c92245c7d14906e2a7a,27500,1,HourlyRate
555632528f99862a083394e1,52beaf7d245c7d1ae0301aaf,22000,1,HourlyRate
555632528f99862a083394e1,54f36e602de2cbc012280fa1,120000,0,FixedBid
555632528f99862a083394e1,5435a20251a18de5415ed380,85500,3,HourlyRate
555632528f99862a083394e1,54c19c762e08b70233a3eff2,22500,1,HourlyRate
555632528f99862a083394e1,52659512ce77a70e1ca9c18f,100,0,FixedBid
555632528f99862a083394e1,547fcefb460e0793086e1339,100000,4,HourlyRate
555632528f99862a083394e1,5548f2888f99862a083150bb,28000,1,HourlyRate
5557bee98f99862a0833bc15,5326eefb245c7d067062ead0,350000,0,FixedBid
5557be62fee2a02f1d42b457,54c19c762e08b70233a3eff2,19500,1,HourlyRate
5557be62fee2a02f1d42b457,5435a20251a18de5415ed380,28500,1,HourlyRate
5557be62fee2a02f1d42b457,552dc2a48928e5212ecf8c34,80000,0,FixedBid
5557bee98f99862a0833bc15,546a3b5b3e3e776908254e2f,350000,0,FixedBid
5557bee98f99862a0833bc15,54d9b2b12e08b70233a79b65,375000,0,FixedBid
5557bee98f99862a0833bc15,536bf168245c7d255cd05619,200000,0,FixedBid
5557bee98f99862a0833bc15,4fe9d6cdce77a701188555e4,395500,0,FixedBid
555a7129fee2a02f1d4304df,5511d212e14573073a62b6cb,30000,0,FixedBid
555a7129fee2a02f1d4304df,52bb0ed3245c7d0ea84b7660,120000,0,FixedBid
555a7129fee2a02f1d4304df,54c2bae32e08b70233a40aff,87500,5,HourlyRate
555a7129fee2a02f1d4304df,555138598f99862a083293b3,193500,0,FixedBid
555a46d5fee2a02f1d42f645,552dc2a48928e5212ecf8c34,525000,15,HourlyRate
555a46d5fee2a02f1d42f645,546a3b5b3e3e776908254e2f,407500,0,FixedBid
555a46d5fee2a02f1d42f645,54c19c762e08b70233a3eff2,19500,1,HourlyRate
5559f2b5fee2a02f1d42d94f,52d45d31245c7d1d0841c1f9,175000,0,FixedBid
5559f2b5fee2a02f1d42d94f,52260498ce77a71e58f8112e,175000,0,FixedBid
555a68bcfee2a02f1d430248,531a0a63245c7d19a896d02a,29500,1,HourlyRate
555a68bcfee2a02f1d430248,5435a20251a18de5415ed380,57000,2,HourlyRate
555a68bcfee2a02f1d430248,5548f2888f99862a083150bb,28000,1,HourlyRate
555a68bcfee2a02f1d430248,522f508fce77a72144de25b4,27500,1,HourlyRate
555a68bcfee2a02f1d430248,5534fea48928e5212ed0ad71,20000,1,HourlyRate
555624c2fee2a02f1d4287b9,5539aa350234f7e6568efb7f,30000,0,FixedBid
555aedc48f99862a08341dde,539f3c92245c7d14906e2a7a,74500,0,FixedBid
555aedc48f99862a08341dde,552dc2a48928e5212ecf8c34,55000,0,FixedBid
55585dff8f99862a0833c301,552dc2a48928e5212ecf8c34,75000,0,FixedBid
55585dff8f99862a0833c301,539f3c92245c7d14906e2a7a,100000,0,FixedBid
555a1cb3fee2a02f1d42e418,5435a20251a18de5415ed380,85500,3,HourlyRate
555a1cb3fee2a02f1d42e418,52741ee4ce77a705684ec99d,20000,0,FixedBid
555a1cb3fee2a02f1d42e418,54c2bae32e08b70233a40aff,105000,6,HourlyRate
555a1cb3fee2a02f1d42e418,555138598f99862a083293b3,28500,1,HourlyRate
555ae1d2fee2a02f1d43172d,5534fea48928e5212ed0ad71,20000,0,FixedBid
555ae1d2fee2a02f1d43172d,54c947d0c5f46ecd0f1990a0,16250,0.5,HourlyRate
555ae1d2fee2a02f1d43172d,552c4ee18928e5212ecf3b73,68000,4,HourlyRate
555ae1d2fee2a02f1d43172d,52783509ce77a708182b6c90,22500,1,HourlyRate
555ae1d2fee2a02f1d43172d,5435a20251a18de5415ed380,57000,2,HourlyRate
555ae1d2fee2a02f1d43172d,52741ee4ce77a705684ec99d,50000,2,HourlyRate
555b68ffe3a5da083b2d2c2a,54c94a49c5f46ecd0f19914d,57000,0,FixedBid
555b68ffe3a5da083b2d2c2a,52260498ce77a71e58f8112e,52500,0,FixedBid
555b68ffe3a5da083b2d2c2a,543797bb51a18de5415f0278,50000,0,FixedBid
5554c3778f99862a08334e57,547fcefb460e0793086e1339,125000,5,HourlyRate
555a9da38f99862a08341345,5511d212e14573073a62b6cb,20000,1,HourlyRate
555a9da38f99862a08341345,552dc2a48928e5212ecf8c34,50000,0,FixedBid
555a9da38f99862a08341345,52557e5bce77a7040c61dc0c,28500,1,HourlyRate
555a9da38f99862a08341345,555138598f99862a083293b3,28500,1,HourlyRate
555a9da38f99862a08341345,5435a20251a18de5415ed380,57000,2,HourlyRate
555a9da38f99862a08341345,53c9e7f043ccad834e48273d,75000,5,HourlyRate
555b87b4fc87d0e077f54ba0,52741ee4ce77a705684ec99d,225000,9,HourlyRate
555b87b4fc87d0e077f54ba0,53ee5fb17366e0ec3c7362d9,22500,1,HourlyRate
555b87b4fc87d0e077f54ba0,552c4ee18928e5212ecf3b73,60000,4,HourlyRate
555b87b4fc87d0e077f54ba0,543797bb51a18de5415f0278,110200,0,FixedBid
555254e1fee2a02f1d41c37f,5303f76f245c7d1e8833368c,944000,0,FixedBid
5554c3778f99862a08334e57,54c19c762e08b70233a3eff2,22500,1,HourlyRate
5554c3778f99862a08334e57,52bb0ed3245c7d0ea84b7660,125000,0,FixedBid
5554c3778f99862a08334e57,5543db00fee2a02f1d3fc2cd,700000,20,HourlyRate
5554c3778f99862a08334e57,5435a20251a18de5415ed380,57000,2,HourlyRate
5554c3778f99862a08334e57,555138598f99862a083293b3,360000,12,HourlyRate
5554c3778f99862a08334e57,552dc2a48928e5212ecf8c34,500000,20,HourlyRate
555254e1fee2a02f1d41c37f,547fcefb460e0793086e1339,350000,0,FixedBid
555b8e55e3a5da083b2d3904,552dc2a48928e5212ecf8c34,750000,30,HourlyRate
555b8e55e3a5da083b2d3904,52d551a2245c7d21c0d85417,200000,0,FixedBid
555b8e55e3a5da083b2d3904,547fcefb460e0793086e1339,75000,3,HourlyRate
555b8e55e3a5da083b2d3904,54c19c762e08b70233a3eff2,22500,1,HourlyRate
555b8e55e3a5da083b2d3904,5435a20251a18de5415ed380,57000,2,HourlyRate
555b8e55e3a5da083b2d3904,54c947d0c5f46ecd0f1990a0,32500,1,HourlyRate
555b8e55e3a5da083b2d3904,54f36e602de2cbc012280fa1,90000,0,FixedBid
555b8e55e3a5da083b2d3904,555138598f99862a083293b3,28500,1,HourlyRate
5548112afee2a02f1d402766,52d45d31245c7d1d0841c1f9,131500,0,FixedBid
555b8e55e3a5da083b2d3904,4fc629a0ce77a70bf4bc87c3,150000,10,HourlyRate
555b8e55e3a5da083b2d3904,53a3cf50245c7d270c1caa2b,400000,0,FixedBid
555ba5c7fc87d0e077f586c3,5273246cce77a70568136f22,10000,1,HourlyRate
555ba5c7fc87d0e077f586c3,5435a20251a18de5415ed380,28500,1,HourlyRate
555ba5c7fc87d0e077f586c3,53ee5fb17366e0ec3c7362d9,22500,1,HourlyRate
555bc25ffc87d0e077f59335,54c947d0c5f46ecd0f1990a0,32500,1,HourlyRate
555bc25ffc87d0e077f59335,52beaf7d245c7d1ae0301aaf,38500,1.75,HourlyRate
5548112afee2a02f1d402766,52d4c884245c7d21c0d84f1e,90000,0,FixedBid
5548112afee2a02f1d402766,54c94a49c5f46ecd0f19914d,72500,0,FixedBid
555b90a9e3a5da083b2d4657,552dc2a48928e5212ecf8c34,400000,0,FixedBid
555413d7fee2a02f1d4232ea,551ab211d6657ae7070ea118,100000,0,FixedBid
555413d7fee2a02f1d4232ea,551b3fe99516c92415488d02,25000,1,HourlyRate
555413d7fee2a02f1d4232ea,543eddcc51a18de5415fa384,70000,2,HourlyRate
555b6d0ce3a5da083b2d2d86,543eddcc51a18de5415fa384,70000,2,HourlyRate
555b90a9e3a5da083b2d4657,546a3b5b3e3e776908254e2f,190000,0,FixedBid
555b90a9e3a5da083b2d4657,524da6f7ce77a706949fbe78,325000,0,FixedBid
555b90a9e3a5da083b2d4657,52f9548e245c7d296cfe6f02,407500,0,FixedBid
555cd10bfc87d0e077f5c2e5,52741ee4ce77a705684ec99d,12500,0.5,HourlyRate
555cb0e4fc87d0e077f5b5d1,5435a20251a18de5415ed380,114000,4,HourlyRate
